ISO-10303-21;
HEADER;
/* Generated by software containing ST-Developer
 * from STEP Tools, Inc. (www.steptools.com) 
 */

FILE_DESCRIPTION(
/* description */ (''),
/* implementation_level */ '2;1');

FILE_NAME(
/* name */ 'X Axes.step',
/* time_stamp */ '2026-02-09T21:54:17+01:00',
/* author */ (''),
/* organization */ (''),
/* preprocessor_version */ 'ST-DEVELOPER v20.1',
/* originating_system */ 'Autodesk Translation Framework v14.21.0.0',
/* authorisation */ '');

FILE_SCHEMA (('AUTOMOTIVE_DESIGN { 1 0 10303 214 3 1 1 }'));
ENDSEC;

DATA;
#10=MECHANICAL_DESIGN_GEOMETRIC_PRESENTATION_REPRESENTATION('',(#13),#2281);
#11=SHAPE_REPRESENTATION_RELATIONSHIP('SRR','None',#2288,#12);
#12=ADVANCED_BREP_SHAPE_REPRESENTATION('',(#14),#2280);
#13=STYLED_ITEM('',(#2297),#14);
#14=MANIFOLD_SOLID_BREP('K\X\F6rper2',#1307);
#15=(
BOUNDED_SURFACE()
B_SPLINE_SURFACE(5,1,((#2192,#2193),(#2194,#2195),(#2196,#2197),(#2198,
#2199),(#2200,#2201),(#2202,#2203),(#2204,#2205),(#2206,#2207),(#2208,#2209),
(#2210,#2211),(#2212,#2213),(#2214,#2215),(#2216,#2217),(#2218,#2219),(#2220,
#2221)),.UNSPECIFIED.,.F.,.F.,.F.)
B_SPLINE_SURFACE_WITH_KNOTS((6,1,1,1,1,1,1,1,1,1,6),(2,2),(0.,0.1,0.2,0.3,
0.4,0.5,0.6,0.7,0.8,0.9,1.),(0.,1.),.UNSPECIFIED.)
GEOMETRIC_REPRESENTATION_ITEM()
RATIONAL_B_SPLINE_SURFACE(((1.,1.),(1.,1.),(1.,1.),(1.,1.),(1.,1.),(1.,
1.),(1.,1.),(1.,1.),(1.,1.),(1.,1.),(1.,1.),(1.,1.),(1.,1.),(1.,1.),(1.,
1.)))
REPRESENTATION_ITEM('')
SURFACE()
);
#16=TOROIDAL_SURFACE('',#1368,2.,1.);
#17=TOROIDAL_SURFACE('',#1375,2.,1.);
#18=TOROIDAL_SURFACE('',#1381,2.,1.);
#19=TOROIDAL_SURFACE('',#1387,2.,1.);
#20=TOROIDAL_SURFACE('',#1401,6.,3.);
#21=TOROIDAL_SURFACE('',#1406,6.,3.);
#22=(
BOUNDED_CURVE()
B_SPLINE_CURVE(5,(#1948,#1949,#1950,#1951,#1952,#1953,#1954,#1955,#1956,
#1957,#1958,#1959,#1960,#1961,#1962),.UNSPECIFIED.,.F.,.F.)
B_SPLINE_CURVE_WITH_KNOTS((6,1,1,1,1,1,1,1,1,1,6),(0.,0.1,0.2,0.3,0.4,0.5,
0.6,0.7,0.8,0.9,1.),.UNSPECIFIED.)
CURVE()
GEOMETRIC_REPRESENTATION_ITEM()
RATIONAL_B_SPLINE_CURVE((1.,1.,1.,1.,1.,1.,1.,1.,1.,1.,1.,1.,1.,1.,1.))
REPRESENTATION_ITEM('')
);
#23=(
BOUNDED_CURVE()
B_SPLINE_CURVE(5,(#2223,#2224,#2225,#2226,#2227,#2228,#2229,#2230,#2231,
#2232,#2233,#2234,#2235,#2236,#2237),.UNSPECIFIED.,.F.,.F.)
B_SPLINE_CURVE_WITH_KNOTS((6,1,1,1,1,1,1,1,1,1,6),(0.,0.1,0.2,0.3,0.4,0.5,
0.6,0.7,0.8,0.9,1.),.UNSPECIFIED.)
CURVE()
GEOMETRIC_REPRESENTATION_ITEM()
RATIONAL_B_SPLINE_CURVE((1.,1.,1.,1.,1.,1.,1.,1.,1.,1.,1.,1.,1.,1.,1.))
REPRESENTATION_ITEM('')
);
#24=CONICAL_SURFACE('',#1338,2.25,0.785398163397449);
#25=CONICAL_SURFACE('',#1359,2.25,0.785398163397448);
#26=CONICAL_SURFACE('',#1362,2.25,0.785398163397449);
#27=CONICAL_SURFACE('',#1365,2.25,0.785398163397449);
#28=CYLINDRICAL_SURFACE('',#1335,2.75);
#29=CYLINDRICAL_SURFACE('',#1358,1.75);
#30=CYLINDRICAL_SURFACE('',#1361,1.75);
#31=CYLINDRICAL_SURFACE('',#1364,1.75);
#32=CYLINDRICAL_SURFACE('',#1367,1.75);
#33=CYLINDRICAL_SURFACE('',#1373,1.);
#34=CYLINDRICAL_SURFACE('',#1379,1.);
#35=CYLINDRICAL_SURFACE('',#1385,1.);
#36=CYLINDRICAL_SURFACE('',#1391,1.);
#37=CYLINDRICAL_SURFACE('',#1393,3.);
#38=CYLINDRICAL_SURFACE('',#1398,3.);
#39=CYLINDRICAL_SURFACE('',#1404,3.);
#40=CYLINDRICAL_SURFACE('',#1409,3.);
#41=CYLINDRICAL_SURFACE('',#1412,3.);
#42=CYLINDRICAL_SURFACE('',#1417,3.);
#43=CYLINDRICAL_SURFACE('',#1421,3.);
#44=CYLINDRICAL_SURFACE('',#1423,3.);
#45=CYLINDRICAL_SURFACE('',#1425,3.);
#46=CYLINDRICAL_SURFACE('',#1427,3.);
#47=CYLINDRICAL_SURFACE('',#1429,2.75);
#48=CYLINDRICAL_SURFACE('',#1431,2.75);
#49=CYLINDRICAL_SURFACE('',#1433,12.5);
#50=CYLINDRICAL_SURFACE('',#1436,7.00000000000007);
#51=CYLINDRICAL_SURFACE('',#1439,7.0000000000001);
#52=CYLINDRICAL_SURFACE('',#1442,7.00000000000002);
#53=CYLINDRICAL_SURFACE('',#1446,7.00000000000002);
#54=CYLINDRICAL_SURFACE('',#1449,7.00000000000005);
#55=CYLINDRICAL_SURFACE('',#1452,6.99999999999998);
#56=FACE_BOUND('',#229,.T.);
#57=FACE_BOUND('',#230,.T.);
#58=FACE_BOUND('',#231,.T.);
#59=FACE_BOUND('',#232,.T.);
#60=FACE_BOUND('',#233,.T.);
#61=FACE_BOUND('',#237,.T.);
#62=FACE_BOUND('',#238,.T.);
#63=FACE_BOUND('',#239,.T.);
#64=FACE_BOUND('',#240,.T.);
#65=FACE_BOUND('',#241,.T.);
#66=FACE_BOUND('',#242,.T.);
#67=FACE_BOUND('',#243,.T.);
#68=FACE_BOUND('',#244,.T.);
#69=FACE_BOUND('',#263,.T.);
#70=FACE_BOUND('',#266,.T.);
#71=FACE_BOUND('',#275,.T.);
#72=FACE_BOUND('',#278,.T.);
#73=FACE_BOUND('',#303,.T.);
#74=FACE_BOUND('',#305,.T.);
#75=FACE_BOUND('',#307,.T.);
#76=FACE_BOUND('',#309,.T.);
#77=FACE_BOUND('',#310,.T.);
#78=FACE_BOUND('',#311,.T.);
#79=FACE_BOUND('',#312,.T.);
#80=FACE_BOUND('',#313,.T.);
#81=CIRCLE('',#1330,1.75);
#82=CIRCLE('',#1331,1.75);
#83=CIRCLE('',#1332,1.75);
#84=CIRCLE('',#1333,1.75);
#85=CIRCLE('',#1334,12.5);
#86=CIRCLE('',#1336,2.75);
#87=CIRCLE('',#1337,2.75);
#88=CIRCLE('',#1339,2.75);
#89=CIRCLE('',#1340,1.75);
#90=CIRCLE('',#1342,6.);
#91=CIRCLE('',#1343,6.);
#92=CIRCLE('',#1344,3.);
#93=CIRCLE('',#1345,6.99999999999998);
#94=CIRCLE('',#1346,7.00000000000005);
#95=CIRCLE('',#1347,7.00000000000002);
#96=CIRCLE('',#1348,7.00000000000002);
#97=CIRCLE('',#1349,7.0000000000001);
#98=CIRCLE('',#1350,7.00000000000007);
#99=CIRCLE('',#1351,3.);
#100=CIRCLE('',#1352,2.75);
#101=CIRCLE('',#1353,2.75);
#102=CIRCLE('',#1354,12.5);
#103=CIRCLE('',#1355,2.75);
#104=CIRCLE('',#1356,2.75);
#105=CIRCLE('',#1357,2.75);
#106=CIRCLE('',#1360,1.75);
#107=CIRCLE('',#1363,1.75);
#108=CIRCLE('',#1366,1.75);
#109=CIRCLE('',#1369,1.);
#110=CIRCLE('',#1370,2.);
#111=CIRCLE('',#1371,0.999999999999996);
#112=CIRCLE('',#1372,3.);
#113=CIRCLE('',#1374,0.999999999999996);
#114=CIRCLE('',#1376,0.999999999999996);
#115=CIRCLE('',#1377,3.);
#116=CIRCLE('',#1378,2.);
#117=CIRCLE('',#1380,0.999999999999996);
#118=CIRCLE('',#1382,0.999999999999996);
#119=CIRCLE('',#1383,3.);
#120=CIRCLE('',#1384,2.);
#121=CIRCLE('',#1386,0.999999999999996);
#122=CIRCLE('',#1388,0.999999999999996);
#123=CIRCLE('',#1389,3.);
#124=CIRCLE('',#1390,2.);
#125=CIRCLE('',#1394,3.);
#126=CIRCLE('',#1395,3.);
#127=CIRCLE('',#1397,3.);
#128=CIRCLE('',#1399,3.);
#129=CIRCLE('',#1402,3.);
#130=CIRCLE('',#1403,3.);
#131=CIRCLE('',#1405,3.);
#132=CIRCLE('',#1407,3.);
#133=CIRCLE('',#1408,3.);
#134=CIRCLE('',#1410,3.);
#135=CIRCLE('',#1413,3.);
#136=CIRCLE('',#1416,3.);
#137=CIRCLE('',#1418,3.);
#138=CIRCLE('',#1420,3.);
#139=CIRCLE('',#1422,3.);
#140=CIRCLE('',#1424,3.);
#141=CIRCLE('',#1426,3.);
#142=CIRCLE('',#1428,3.);
#143=CIRCLE('',#1430,2.75);
#144=CIRCLE('',#1432,2.75);
#145=CIRCLE('',#1437,7.00000000000007);
#146=CIRCLE('',#1440,7.0000000000001);
#147=CIRCLE('',#1443,7.00000000000002);
#148=CIRCLE('',#1447,7.00000000000002);
#149=CIRCLE('',#1450,7.00000000000005);
#150=CIRCLE('',#1453,6.99999999999998);
#151=FACE_OUTER_BOUND('',#220,.T.);
#152=FACE_OUTER_BOUND('',#221,.T.);
#153=FACE_OUTER_BOUND('',#222,.T.);
#154=FACE_OUTER_BOUND('',#223,.T.);
#155=FACE_OUTER_BOUND('',#224,.T.);
#156=FACE_OUTER_BOUND('',#225,.T.);
#157=FACE_OUTER_BOUND('',#226,.T.);
#158=FACE_OUTER_BOUND('',#227,.T.);
#159=FACE_OUTER_BOUND('',#228,.T.);
#160=FACE_OUTER_BOUND('',#234,.T.);
#161=FACE_OUTER_BOUND('',#235,.T.);
#162=FACE_OUTER_BOUND('',#236,.T.);
#163=FACE_OUTER_BOUND('',#245,.T.);
#164=FACE_OUTER_BOUND('',#246,.T.);
#165=FACE_OUTER_BOUND('',#247,.T.);
#166=FACE_OUTER_BOUND('',#248,.T.);
#167=FACE_OUTER_BOUND('',#249,.T.);
#168=FACE_OUTER_BOUND('',#250,.T.);
#169=FACE_OUTER_BOUND('',#251,.T.);
#170=FACE_OUTER_BOUND('',#252,.T.);
#171=FACE_OUTER_BOUND('',#253,.T.);
#172=FACE_OUTER_BOUND('',#254,.T.);
#173=FACE_OUTER_BOUND('',#255,.T.);
#174=FACE_OUTER_BOUND('',#256,.T.);
#175=FACE_OUTER_BOUND('',#257,.T.);
#176=FACE_OUTER_BOUND('',#258,.T.);
#177=FACE_OUTER_BOUND('',#259,.T.);
#178=FACE_OUTER_BOUND('',#260,.T.);
#179=FACE_OUTER_BOUND('',#261,.T.);
#180=FACE_OUTER_BOUND('',#262,.T.);
#181=FACE_OUTER_BOUND('',#264,.T.);
#182=FACE_OUTER_BOUND('',#265,.T.);
#183=FACE_OUTER_BOUND('',#267,.T.);
#184=FACE_OUTER_BOUND('',#268,.T.);
#185=FACE_OUTER_BOUND('',#269,.T.);
#186=FACE_OUTER_BOUND('',#270,.T.);
#187=FACE_OUTER_BOUND('',#271,.T.);
#188=FACE_OUTER_BOUND('',#272,.T.);
#189=FACE_OUTER_BOUND('',#273,.T.);
#190=FACE_OUTER_BOUND('',#274,.T.);
#191=FACE_OUTER_BOUND('',#276,.T.);
#192=FACE_OUTER_BOUND('',#277,.T.);
#193=FACE_OUTER_BOUND('',#279,.T.);
#194=FACE_OUTER_BOUND('',#280,.T.);
#195=FACE_OUTER_BOUND('',#281,.T.);
#196=FACE_OUTER_BOUND('',#282,.T.);
#197=FACE_OUTER_BOUND('',#283,.T.);
#198=FACE_OUTER_BOUND('',#284,.T.);
#199=FACE_OUTER_BOUND('',#285,.T.);
#200=FACE_OUTER_BOUND('',#286,.T.);
#201=FACE_OUTER_BOUND('',#287,.T.);
#202=FACE_OUTER_BOUND('',#288,.T.);
#203=FACE_OUTER_BOUND('',#289,.T.);
#204=FACE_OUTER_BOUND('',#290,.T.);
#205=FACE_OUTER_BOUND('',#291,.T.);
#206=FACE_OUTER_BOUND('',#292,.T.);
#207=FACE_OUTER_BOUND('',#293,.T.);
#208=FACE_OUTER_BOUND('',#294,.T.);
#209=FACE_OUTER_BOUND('',#295,.T.);
#210=FACE_OUTER_BOUND('',#296,.T.);
#211=FACE_OUTER_BOUND('',#297,.T.);
#212=FACE_OUTER_BOUND('',#298,.T.);
#213=FACE_OUTER_BOUND('',#299,.T.);
#214=FACE_OUTER_BOUND('',#300,.T.);
#215=FACE_OUTER_BOUND('',#301,.T.);
#216=FACE_OUTER_BOUND('',#302,.T.);
#217=FACE_OUTER_BOUND('',#304,.T.);
#218=FACE_OUTER_BOUND('',#306,.T.);
#219=FACE_OUTER_BOUND('',#308,.T.);
#220=EDGE_LOOP('',(#840,#841,#842,#843));
#221=EDGE_LOOP('',(#844,#845,#846,#847));
#222=EDGE_LOOP('',(#848,#849,#850,#851));
#223=EDGE_LOOP('',(#852,#853,#854,#855));
#224=EDGE_LOOP('',(#856,#857,#858,#859));
#225=EDGE_LOOP('',(#860,#861,#862,#863));
#226=EDGE_LOOP('',(#864,#865,#866,#867));
#227=EDGE_LOOP('',(#868,#869,#870,#871));
#228=EDGE_LOOP('',(#872,#873,#874,#875,#876,#877,#878,#879));
#229=EDGE_LOOP('',(#880));
#230=EDGE_LOOP('',(#881));
#231=EDGE_LOOP('',(#882));
#232=EDGE_LOOP('',(#883));
#233=EDGE_LOOP('',(#884));
#234=EDGE_LOOP('',(#885,#886,#887,#888));
#235=EDGE_LOOP('',(#889,#890,#891,#892));
#236=EDGE_LOOP('',(#893,#894,#895,#896,#897,#898,#899,#900,#901,#902,#903,
#904,#905,#906,#907,#908,#909,#910,#911,#912,#913,#914));
#237=EDGE_LOOP('',(#915));
#238=EDGE_LOOP('',(#916));
#239=EDGE_LOOP('',(#917));
#240=EDGE_LOOP('',(#918));
#241=EDGE_LOOP('',(#919));
#242=EDGE_LOOP('',(#920));
#243=EDGE_LOOP('',(#921));
#244=EDGE_LOOP('',(#922));
#245=EDGE_LOOP('',(#923,#924,#925,#926));
#246=EDGE_LOOP('',(#927,#928,#929,#930));
#247=EDGE_LOOP('',(#931,#932,#933,#934));
#248=EDGE_LOOP('',(#935,#936,#937,#938));
#249=EDGE_LOOP('',(#939,#940,#941,#942));
#250=EDGE_LOOP('',(#943,#944,#945,#946));
#251=EDGE_LOOP('',(#947,#948,#949,#950));
#252=EDGE_LOOP('',(#951,#952,#953,#954));
#253=EDGE_LOOP('',(#955,#956,#957,#958));
#254=EDGE_LOOP('',(#959,#960,#961,#962));
#255=EDGE_LOOP('',(#963,#964,#965,#966));
#256=EDGE_LOOP('',(#967,#968,#969,#970));
#257=EDGE_LOOP('',(#971,#972,#973,#974));
#258=EDGE_LOOP('',(#975,#976,#977,#978));
#259=EDGE_LOOP('',(#979,#980,#981,#982));
#260=EDGE_LOOP('',(#983,#984,#985,#986));
#261=EDGE_LOOP('',(#987,#988,#989,#990,#991,#992));
#262=EDGE_LOOP('',(#993,#994,#995,#996));
#263=EDGE_LOOP('',(#997));
#264=EDGE_LOOP('',(#998,#999,#1000,#1001));
#265=EDGE_LOOP('',(#1002,#1003,#1004,#1005,#1006,#1007,#1008,#1009));
#266=EDGE_LOOP('',(#1010,#1011,#1012,#1013));
#267=EDGE_LOOP('',(#1014,#1015,#1016,#1017));
#268=EDGE_LOOP('',(#1018,#1019,#1020,#1021));
#269=EDGE_LOOP('',(#1022,#1023,#1024,#1025));
#270=EDGE_LOOP('',(#1026,#1027,#1028,#1029));
#271=EDGE_LOOP('',(#1030,#1031,#1032,#1033));
#272=EDGE_LOOP('',(#1034,#1035,#1036,#1037));
#273=EDGE_LOOP('',(#1038,#1039,#1040,#1041));
#274=EDGE_LOOP('',(#1042,#1043,#1044,#1045));
#275=EDGE_LOOP('',(#1046));
#276=EDGE_LOOP('',(#1047,#1048,#1049,#1050));
#277=EDGE_LOOP('',(#1051,#1052,#1053,#1054));
#278=EDGE_LOOP('',(#1055));
#279=EDGE_LOOP('',(#1056,#1057,#1058,#1059,#1060,#1061));
#280=EDGE_LOOP('',(#1062,#1063,#1064,#1065));
#281=EDGE_LOOP('',(#1066,#1067,#1068,#1069));
#282=EDGE_LOOP('',(#1070,#1071,#1072,#1073));
#283=EDGE_LOOP('',(#1074,#1075,#1076,#1077));
#284=EDGE_LOOP('',(#1078,#1079,#1080,#1081));
#285=EDGE_LOOP('',(#1082,#1083,#1084,#1085));
#286=EDGE_LOOP('',(#1086,#1087,#1088,#1089,#1090));
#287=EDGE_LOOP('',(#1091,#1092,#1093,#1094,#1095));
#288=EDGE_LOOP('',(#1096,#1097,#1098,#1099));
#289=EDGE_LOOP('',(#1100,#1101,#1102,#1103));
#290=EDGE_LOOP('',(#1104,#1105,#1106,#1107));
#291=EDGE_LOOP('',(#1108,#1109,#1110,#1111));
#292=EDGE_LOOP('',(#1112,#1113,#1114,#1115));
#293=EDGE_LOOP('',(#1116,#1117,#1118,#1119));
#294=EDGE_LOOP('',(#1120,#1121,#1122,#1123));
#295=EDGE_LOOP('',(#1124,#1125,#1126,#1127));
#296=EDGE_LOOP('',(#1128,#1129,#1130,#1131));
#297=EDGE_LOOP('',(#1132,#1133,#1134,#1135));
#298=EDGE_LOOP('',(#1136,#1137,#1138,#1139));
#299=EDGE_LOOP('',(#1140,#1141,#1142,#1143));
#300=EDGE_LOOP('',(#1144,#1145,#1146,#1147));
#301=EDGE_LOOP('',(#1148,#1149,#1150,#1151));
#302=EDGE_LOOP('',(#1152,#1153,#1154,#1155));
#303=EDGE_LOOP('',(#1156));
#304=EDGE_LOOP('',(#1157,#1158,#1159,#1160));
#305=EDGE_LOOP('',(#1161));
#306=EDGE_LOOP('',(#1162,#1163,#1164,#1165));
#307=EDGE_LOOP('',(#1166));
#308=EDGE_LOOP('',(#1167,#1168,#1169,#1170,#1171,#1172,#1173,#1174,#1175,
#1176,#1177,#1178,#1179,#1180,#1181,#1182,#1183,#1184,#1185,#1186,#1187,
#1188,#1189,#1190,#1191,#1192));
#309=EDGE_LOOP('',(#1193,#1194,#1195,#1196,#1197,#1198,#1199,#1200));
#310=EDGE_LOOP('',(#1201));
#311=EDGE_LOOP('',(#1202));
#312=EDGE_LOOP('',(#1203));
#313=EDGE_LOOP('',(#1204,#1205,#1206,#1207));
#314=LINE('',#1853,#426);
#315=LINE('',#1855,#427);
#316=LINE('',#1857,#428);
#317=LINE('',#1858,#429);
#318=LINE('',#1861,#430);
#319=LINE('',#1863,#431);
#320=LINE('',#1864,#432);
#321=LINE('',#1867,#433);
#322=LINE('',#1869,#434);
#323=LINE('',#1870,#435);
#324=LINE('',#1873,#436);
#325=LINE('',#1875,#437);
#326=LINE('',#1876,#438);
#327=LINE('',#1879,#439);
#328=LINE('',#1881,#440);
#329=LINE('',#1882,#441);
#330=LINE('',#1885,#442);
#331=LINE('',#1887,#443);
#332=LINE('',#1888,#444);
#333=LINE('',#1891,#445);
#334=LINE('',#1893,#446);
#335=LINE('',#1894,#447);
#336=LINE('',#1896,#448);
#337=LINE('',#1897,#449);
#338=LINE('',#1913,#450);
#339=LINE('',#1919,#451);
#340=LINE('',#1926,#452);
#341=LINE('',#1930,#453);
#342=LINE('',#1934,#454);
#343=LINE('',#1938,#455);
#344=LINE('',#1942,#456);
#345=LINE('',#1946,#457);
#346=LINE('',#1964,#458);
#347=LINE('',#1968,#459);
#348=LINE('',#1972,#460);
#349=LINE('',#1976,#461);
#350=LINE('',#1979,#462);
#351=LINE('',#1993,#463);
#352=LINE('',#1996,#464);
#353=LINE('',#1999,#465);
#354=LINE('',#2002,#466);
#355=LINE('',#2005,#467);
#356=LINE('',#2008,#468);
#357=LINE('',#2011,#469);
#358=LINE('',#2025,#470);
#359=LINE('',#2026,#471);
#360=LINE('',#2037,#472);
#361=LINE('',#2038,#473);
#362=LINE('',#2049,#474);
#363=LINE('',#2050,#475);
#364=LINE('',#2058,#476);
#365=LINE('',#2059,#477);
#366=LINE('',#2062,#478);
#367=LINE('',#2064,#479);
#368=LINE('',#2065,#480);
#369=LINE('',#2068,#481);
#370=LINE('',#2072,#482);
#371=LINE('',#2076,#483);
#372=LINE('',#2077,#484);
#373=LINE('',#2082,#485);
#374=LINE('',#2087,#486);
#375=LINE('',#2089,#487);
#376=LINE('',#2091,#488);
#377=LINE('',#2092,#489);
#378=LINE('',#2104,#490);
#379=LINE('',#2107,#491);
#380=LINE('',#2110,#492);
#381=LINE('',#2111,#493);
#382=LINE('',#2114,#494);
#383=LINE('',#2117,#495);
#384=LINE('',#2120,#496);
#385=LINE('',#2121,#497);
#386=LINE('',#2124,#498);
#387=LINE('',#2125,#499);
#388=LINE('',#2130,#500);
#389=LINE('',#2134,#501);
#390=LINE('',#2135,#502);
#391=LINE('',#2140,#503);
#392=LINE('',#2144,#504);
#393=LINE('',#2149,#505);
#394=LINE('',#2152,#506);
#395=LINE('',#2157,#507);
#396=LINE('',#2161,#508);
#397=LINE('',#2163,#509);
#398=LINE('',#2165,#510);
#399=LINE('',#2167,#511);
#400=LINE('',#2171,#512);
#401=LINE('',#2174,#513);
#402=LINE('',#2175,#514);
#403=LINE('',#2179,#515);
#404=LINE('',#2182,#516);
#405=LINE('',#2183,#517);
#406=LINE('',#2187,#518);
#407=LINE('',#2190,#519);
#408=LINE('',#2191,#520);
#409=LINE('',#2238,#521);
#410=LINE('',#2241,#522);
#411=LINE('',#2242,#523);
#412=LINE('',#2246,#524);
#413=LINE('',#2249,#525);
#414=LINE('',#2250,#526);
#415=LINE('',#2254,#527);
#416=LINE('',#2257,#528);
#417=LINE('',#2258,#529);
#418=LINE('',#2264,#530);
#419=LINE('',#2265,#531);
#420=LINE('',#2266,#532);
#421=LINE('',#2269,#533);
#422=LINE('',#2270,#534);
#423=LINE('',#2273,#535);
#424=LINE('',#2274,#536);
#425=LINE('',#2276,#537);
#426=VECTOR('',#1463,10.);
#427=VECTOR('',#1464,10.);
#428=VECTOR('',#1465,10.);
#429=VECTOR('',#1466,10.);
#430=VECTOR('',#1469,10.);
#431=VECTOR('',#1470,10.);
#432=VECTOR('',#1471,10.);
#433=VECTOR('',#1474,10.);
#434=VECTOR('',#1475,10.);
#435=VECTOR('',#1476,10.);
#436=VECTOR('',#1479,10.);
#437=VECTOR('',#1480,10.);
#438=VECTOR('',#1481,10.);
#439=VECTOR('',#1484,10.);
#440=VECTOR('',#1485,10.);
#441=VECTOR('',#1486,10.);
#442=VECTOR('',#1489,10.);
#443=VECTOR('',#1490,10.);
#444=VECTOR('',#1491,10.);
#445=VECTOR('',#1494,10.);
#446=VECTOR('',#1495,10.);
#447=VECTOR('',#1496,10.);
#448=VECTOR('',#1499,10.);
#449=VECTOR('',#1500,10.);
#450=VECTOR('',#1517,2.75);
#451=VECTOR('',#1524,2.25);
#452=VECTOR('',#1531,10.);
#453=VECTOR('',#1534,10.);
#454=VECTOR('',#1537,10.);
#455=VECTOR('',#1540,10.);
#456=VECTOR('',#1543,10.);
#457=VECTOR('',#1546,10.);
#458=VECTOR('',#1547,10.);
#459=VECTOR('',#1550,10.);
#460=VECTOR('',#1553,10.);
#461=VECTOR('',#1556,10.);
#462=VECTOR('',#1559,10.);
#463=VECTOR('',#1574,1.75);
#464=VECTOR('',#1577,2.25);
#465=VECTOR('',#1582,1.75);
#466=VECTOR('',#1585,2.25);
#467=VECTOR('',#1590,1.75);
#468=VECTOR('',#1593,2.25);
#469=VECTOR('',#1598,1.75);
#470=VECTOR('',#1613,10.);
#471=VECTOR('',#1614,10.);
#472=VECTOR('',#1627,10.);
#473=VECTOR('',#1628,10.);
#474=VECTOR('',#1641,10.);
#475=VECTOR('',#1642,10.);
#476=VECTOR('',#1653,10.);
#477=VECTOR('',#1654,10.);
#478=VECTOR('',#1657,10.);
#479=VECTOR('',#1658,10.);
#480=VECTOR('',#1659,10.);
#481=VECTOR('',#1662,10.);
#482=VECTOR('',#1665,10.);
#483=VECTOR('',#1670,10.);
#484=VECTOR('',#1671,10.);
#485=VECTOR('',#1676,10.);
#486=VECTOR('',#1681,10.);
#487=VECTOR('',#1682,10.);
#488=VECTOR('',#1683,10.);
#489=VECTOR('',#1684,10.);
#490=VECTOR('',#1703,10.);
#491=VECTOR('',#1706,10.);
#492=VECTOR('',#1709,10.);
#493=VECTOR('',#1710,10.);
#494=VECTOR('',#1713,10.);
#495=VECTOR('',#1716,10.);
#496=VECTOR('',#1719,10.);
#497=VECTOR('',#1720,10.);
#498=VECTOR('',#1723,10.);
#499=VECTOR('',#1724,10.);
#500=VECTOR('',#1729,10.);
#501=VECTOR('',#1734,10.);
#502=VECTOR('',#1735,10.);
#503=VECTOR('',#1740,10.);
#504=VECTOR('',#1745,3.);
#505=VECTOR('',#1752,3.);
#506=VECTOR('',#1755,3.);
#507=VECTOR('',#1762,2.75);
#508=VECTOR('',#1767,2.75);
#509=VECTOR('',#1770,12.5);
#510=VECTOR('',#1773,10.);
#511=VECTOR('',#1776,10.);
#512=VECTOR('',#1781,10.);
#513=VECTOR('',#1784,10.);
#514=VECTOR('',#1785,10.);
#515=VECTOR('',#1790,10.);
#516=VECTOR('',#1793,10.);
#517=VECTOR('',#1794,10.);
#518=VECTOR('',#1799,10.);
#519=VECTOR('',#1802,10.);
#520=VECTOR('',#1803,10.);
#521=VECTOR('',#1804,10.);
#522=VECTOR('',#1807,10.);
#523=VECTOR('',#1808,10.);
#524=VECTOR('',#1813,10.);
#525=VECTOR('',#1816,10.);
#526=VECTOR('',#1817,10.);
#527=VECTOR('',#1822,10.);
#528=VECTOR('',#1825,10.);
#529=VECTOR('',#1826,10.);
#530=VECTOR('',#1833,10.);
#531=VECTOR('',#1834,10.);
#532=VECTOR('',#1835,10.);
#533=VECTOR('',#1838,10.);
#534=VECTOR('',#1839,10.);
#535=VECTOR('',#1842,10.);
#536=VECTOR('',#1843,10.);
#537=VECTOR('',#1846,10.);
#538=VERTEX_POINT('',#1851);
#539=VERTEX_POINT('',#1852);
#540=VERTEX_POINT('',#1854);
#541=VERTEX_POINT('',#1856);
#542=VERTEX_POINT('',#1860);
#543=VERTEX_POINT('',#1862);
#544=VERTEX_POINT('',#1866);
#545=VERTEX_POINT('',#1868);
#546=VERTEX_POINT('',#1872);
#547=VERTEX_POINT('',#1874);
#548=VERTEX_POINT('',#1878);
#549=VERTEX_POINT('',#1880);
#550=VERTEX_POINT('',#1884);
#551=VERTEX_POINT('',#1886);
#552=VERTEX_POINT('',#1890);
#553=VERTEX_POINT('',#1892);
#554=VERTEX_POINT('',#1899);
#555=VERTEX_POINT('',#1901);
#556=VERTEX_POINT('',#1903);
#557=VERTEX_POINT('',#1905);
#558=VERTEX_POINT('',#1907);
#559=VERTEX_POINT('',#1910);
#560=VERTEX_POINT('',#1912);
#561=VERTEX_POINT('',#1916);
#562=VERTEX_POINT('',#1918);
#563=VERTEX_POINT('',#1922);
#564=VERTEX_POINT('',#1923);
#565=VERTEX_POINT('',#1925);
#566=VERTEX_POINT('',#1927);
#567=VERTEX_POINT('',#1929);
#568=VERTEX_POINT('',#1931);
#569=VERTEX_POINT('',#1933);
#570=VERTEX_POINT('',#1935);
#571=VERTEX_POINT('',#1937);
#572=VERTEX_POINT('',#1939);
#573=VERTEX_POINT('',#1941);
#574=VERTEX_POINT('',#1943);
#575=VERTEX_POINT('',#1945);
#576=VERTEX_POINT('',#1947);
#577=VERTEX_POINT('',#1963);
#578=VERTEX_POINT('',#1965);
#579=VERTEX_POINT('',#1967);
#580=VERTEX_POINT('',#1969);
#581=VERTEX_POINT('',#1971);
#582=VERTEX_POINT('',#1973);
#583=VERTEX_POINT('',#1975);
#584=VERTEX_POINT('',#1977);
#585=VERTEX_POINT('',#1980);
#586=VERTEX_POINT('',#1982);
#587=VERTEX_POINT('',#1984);
#588=VERTEX_POINT('',#1986);
#589=VERTEX_POINT('',#1988);
#590=VERTEX_POINT('',#1990);
#591=VERTEX_POINT('',#1995);
#592=VERTEX_POINT('',#2001);
#593=VERTEX_POINT('',#2007);
#594=VERTEX_POINT('',#2013);
#595=VERTEX_POINT('',#2014);
#596=VERTEX_POINT('',#2016);
#597=VERTEX_POINT('',#2018);
#598=VERTEX_POINT('',#2022);
#599=VERTEX_POINT('',#2023);
#600=VERTEX_POINT('',#2028);
#601=VERTEX_POINT('',#2029);
#602=VERTEX_POINT('',#2034);
#603=VERTEX_POINT('',#2035);
#604=VERTEX_POINT('',#2040);
#605=VERTEX_POINT('',#2041);
#606=VERTEX_POINT('',#2046);
#607=VERTEX_POINT('',#2047);
#608=VERTEX_POINT('',#2052);
#609=VERTEX_POINT('',#2053);
#610=VERTEX_POINT('',#2061);
#611=VERTEX_POINT('',#2063);
#612=VERTEX_POINT('',#2067);
#613=VERTEX_POINT('',#2069);
#614=VERTEX_POINT('',#2071);
#615=VERTEX_POINT('',#2075);
#616=VERTEX_POINT('',#2078);
#617=VERTEX_POINT('',#2081);
#618=VERTEX_POINT('',#2085);
#619=VERTEX_POINT('',#2086);
#620=VERTEX_POINT('',#2088);
#621=VERTEX_POINT('',#2090);
#622=VERTEX_POINT('',#2099);
#623=VERTEX_POINT('',#2103);
#624=VERTEX_POINT('',#2105);
#625=VERTEX_POINT('',#2109);
#626=VERTEX_POINT('',#2113);
#627=VERTEX_POINT('',#2115);
#628=VERTEX_POINT('',#2119);
#629=VERTEX_POINT('',#2123);
#630=VERTEX_POINT('',#2126);
#631=VERTEX_POINT('',#2129);
#632=VERTEX_POINT('',#2133);
#633=VERTEX_POINT('',#2136);
#634=VERTEX_POINT('',#2139);
#635=VERTEX_POINT('',#2143);
#636=VERTEX_POINT('',#2147);
#637=VERTEX_POINT('',#2151);
#638=VERTEX_POINT('',#2155);
#639=VERTEX_POINT('',#2159);
#640=VERTEX_POINT('',#2169);
#641=VERTEX_POINT('',#2173);
#642=VERTEX_POINT('',#2177);
#643=VERTEX_POINT('',#2181);
#644=VERTEX_POINT('',#2185);
#645=VERTEX_POINT('',#2189);
#646=VERTEX_POINT('',#2222);
#647=VERTEX_POINT('',#2240);
#648=VERTEX_POINT('',#2244);
#649=VERTEX_POINT('',#2248);
#650=VERTEX_POINT('',#2252);
#651=VERTEX_POINT('',#2256);
#652=VERTEX_POINT('',#2262);
#653=VERTEX_POINT('',#2263);
#654=VERTEX_POINT('',#2268);
#655=VERTEX_POINT('',#2272);
#656=EDGE_CURVE('',#538,#539,#314,.T.);
#657=EDGE_CURVE('',#538,#540,#315,.T.);
#658=EDGE_CURVE('',#540,#541,#316,.T.);
#659=EDGE_CURVE('',#539,#541,#317,.T.);
#660=EDGE_CURVE('',#542,#538,#318,.T.);
#661=EDGE_CURVE('',#542,#543,#319,.T.);
#662=EDGE_CURVE('',#543,#540,#320,.T.);
#663=EDGE_CURVE('',#544,#542,#321,.T.);
#664=EDGE_CURVE('',#544,#545,#322,.T.);
#665=EDGE_CURVE('',#545,#543,#323,.T.);
#666=EDGE_CURVE('',#546,#544,#324,.T.);
#667=EDGE_CURVE('',#546,#547,#325,.T.);
#668=EDGE_CURVE('',#547,#545,#326,.T.);
#669=EDGE_CURVE('',#548,#546,#327,.T.);
#670=EDGE_CURVE('',#548,#549,#328,.T.);
#671=EDGE_CURVE('',#549,#547,#329,.T.);
#672=EDGE_CURVE('',#550,#548,#330,.T.);
#673=EDGE_CURVE('',#550,#551,#331,.T.);
#674=EDGE_CURVE('',#551,#549,#332,.T.);
#675=EDGE_CURVE('',#552,#550,#333,.T.);
#676=EDGE_CURVE('',#552,#553,#334,.T.);
#677=EDGE_CURVE('',#553,#551,#335,.T.);
#678=EDGE_CURVE('',#539,#552,#336,.T.);
#679=EDGE_CURVE('',#541,#553,#337,.T.);
#680=EDGE_CURVE('',#554,#554,#81,.T.);
#681=EDGE_CURVE('',#555,#555,#82,.T.);
#682=EDGE_CURVE('',#556,#556,#83,.T.);
#683=EDGE_CURVE('',#557,#557,#84,.T.);
#684=EDGE_CURVE('',#558,#558,#85,.T.);
#685=EDGE_CURVE('',#559,#559,#86,.T.);
#686=EDGE_CURVE('',#559,#560,#338,.T.);
#687=EDGE_CURVE('',#560,#560,#87,.T.);
#688=EDGE_CURVE('',#561,#561,#88,.T.);
#689=EDGE_CURVE('',#561,#562,#339,.T.);
#690=EDGE_CURVE('',#562,#562,#89,.T.);
#691=EDGE_CURVE('',#563,#564,#90,.T.);
#692=EDGE_CURVE('',#565,#563,#340,.T.);
#693=EDGE_CURVE('',#566,#565,#91,.T.);
#694=EDGE_CURVE('',#566,#567,#341,.T.);
#695=EDGE_CURVE('',#568,#567,#92,.T.);
#696=EDGE_CURVE('',#568,#569,#342,.T.);
#697=EDGE_CURVE('',#569,#570,#93,.T.);
#698=EDGE_CURVE('',#570,#571,#343,.T.);
#699=EDGE_CURVE('',#571,#572,#94,.T.);
#700=EDGE_CURVE('',#572,#573,#344,.T.);
#701=EDGE_CURVE('',#573,#574,#95,.T.);
#702=EDGE_CURVE('',#574,#575,#345,.T.);
#703=EDGE_CURVE('',#575,#576,#22,.T.);
#704=EDGE_CURVE('',#576,#577,#346,.T.);
#705=EDGE_CURVE('',#577,#578,#96,.T.);
#706=EDGE_CURVE('',#578,#579,#347,.T.);
#707=EDGE_CURVE('',#579,#580,#97,.T.);
#708=EDGE_CURVE('',#580,#581,#348,.T.);
#709=EDGE_CURVE('',#581,#582,#98,.T.);
#710=EDGE_CURVE('',#582,#583,#349,.T.);
#711=EDGE_CURVE('',#584,#583,#99,.T.);
#712=EDGE_CURVE('',#584,#564,#350,.T.);
#713=EDGE_CURVE('',#585,#585,#100,.T.);
#714=EDGE_CURVE('',#586,#586,#101,.T.);
#715=EDGE_CURVE('',#587,#587,#102,.T.);
#716=EDGE_CURVE('',#588,#588,#103,.T.);
#717=EDGE_CURVE('',#589,#589,#104,.T.);
#718=EDGE_CURVE('',#590,#590,#105,.T.);
#719=EDGE_CURVE('',#562,#554,#351,.T.);
#720=EDGE_CURVE('',#585,#591,#352,.T.);
#721=EDGE_CURVE('',#591,#591,#106,.T.);
#722=EDGE_CURVE('',#591,#555,#353,.T.);
#723=EDGE_CURVE('',#590,#592,#354,.T.);
#724=EDGE_CURVE('',#592,#592,#107,.T.);
#725=EDGE_CURVE('',#592,#556,#355,.T.);
#726=EDGE_CURVE('',#586,#593,#356,.T.);
#727=EDGE_CURVE('',#593,#593,#108,.T.);
#728=EDGE_CURVE('',#593,#557,#357,.T.);
#729=EDGE_CURVE('',#594,#595,#109,.T.);
#730=EDGE_CURVE('',#595,#596,#110,.T.);
#731=EDGE_CURVE('',#596,#597,#111,.T.);
#732=EDGE_CURVE('',#597,#594,#112,.T.);
#733=EDGE_CURVE('',#598,#599,#113,.T.);
#734=EDGE_CURVE('',#599,#597,#358,.T.);
#735=EDGE_CURVE('',#596,#598,#359,.T.);
#736=EDGE_CURVE('',#600,#601,#114,.T.);
#737=EDGE_CURVE('',#601,#599,#115,.T.);
#738=EDGE_CURVE('',#598,#600,#116,.T.);
#739=EDGE_CURVE('',#602,#603,#117,.T.);
#740=EDGE_CURVE('',#603,#601,#360,.T.);
#741=EDGE_CURVE('',#600,#602,#361,.T.);
#742=EDGE_CURVE('',#604,#605,#118,.T.);
#743=EDGE_CURVE('',#605,#603,#119,.T.);
#744=EDGE_CURVE('',#602,#604,#120,.T.);
#745=EDGE_CURVE('',#606,#607,#121,.T.);
#746=EDGE_CURVE('',#607,#605,#362,.T.);
#747=EDGE_CURVE('',#604,#606,#363,.T.);
#748=EDGE_CURVE('',#608,#609,#122,.T.);
#749=EDGE_CURVE('',#609,#607,#123,.T.);
#750=EDGE_CURVE('',#606,#608,#124,.T.);
#751=EDGE_CURVE('',#608,#595,#364,.T.);
#752=EDGE_CURVE('',#594,#609,#365,.T.);
#753=EDGE_CURVE('',#610,#607,#366,.T.);
#754=EDGE_CURVE('',#611,#610,#367,.T.);
#755=EDGE_CURVE('',#605,#611,#368,.T.);
#756=EDGE_CURVE('',#609,#612,#369,.T.);
#757=EDGE_CURVE('',#612,#613,#125,.T.);
#758=EDGE_CURVE('',#614,#613,#370,.T.);
#759=EDGE_CURVE('',#610,#614,#126,.T.);
#760=EDGE_CURVE('',#615,#594,#371,.T.);
#761=EDGE_CURVE('',#612,#615,#372,.T.);
#762=EDGE_CURVE('',#616,#616,#127,.T.);
#763=EDGE_CURVE('',#597,#617,#373,.T.);
#764=EDGE_CURVE('',#617,#615,#128,.T.);
#765=EDGE_CURVE('',#618,#619,#374,.T.);
#766=EDGE_CURVE('',#619,#620,#375,.T.);
#767=EDGE_CURVE('',#620,#621,#376,.T.);
#768=EDGE_CURVE('',#621,#618,#377,.T.);
#769=EDGE_CURVE('',#565,#610,#129,.T.);
#770=EDGE_CURVE('',#614,#566,#130,.T.);
#771=EDGE_CURVE('',#563,#611,#131,.T.);
#772=EDGE_CURVE('',#564,#622,#132,.T.);
#773=EDGE_CURVE('',#622,#611,#133,.T.);
#774=EDGE_CURVE('',#583,#623,#378,.T.);
#775=EDGE_CURVE('',#623,#624,#134,.T.);
#776=EDGE_CURVE('',#624,#584,#379,.T.);
#777=EDGE_CURVE('',#625,#582,#380,.T.);
#778=EDGE_CURVE('',#623,#625,#381,.T.);
#779=EDGE_CURVE('',#567,#626,#382,.T.);
#780=EDGE_CURVE('',#626,#627,#135,.T.);
#781=EDGE_CURVE('',#627,#568,#383,.T.);
#782=EDGE_CURVE('',#627,#628,#384,.T.);
#783=EDGE_CURVE('',#628,#569,#385,.T.);
#784=EDGE_CURVE('',#629,#599,#386,.T.);
#785=EDGE_CURVE('',#617,#629,#387,.T.);
#786=EDGE_CURVE('',#630,#630,#136,.T.);
#787=EDGE_CURVE('',#601,#631,#388,.T.);
#788=EDGE_CURVE('',#631,#629,#137,.T.);
#789=EDGE_CURVE('',#632,#603,#389,.T.);
#790=EDGE_CURVE('',#631,#632,#390,.T.);
#791=EDGE_CURVE('',#633,#633,#138,.T.);
#792=EDGE_CURVE('',#622,#634,#391,.T.);
#793=EDGE_CURVE('',#634,#632,#139,.T.);
#794=EDGE_CURVE('',#630,#635,#392,.T.);
#795=EDGE_CURVE('',#635,#635,#140,.T.);
#796=EDGE_CURVE('',#636,#636,#141,.T.);
#797=EDGE_CURVE('',#636,#616,#393,.T.);
#798=EDGE_CURVE('',#633,#637,#394,.T.);
#799=EDGE_CURVE('',#637,#637,#142,.T.);
#800=EDGE_CURVE('',#638,#638,#143,.T.);
#801=EDGE_CURVE('',#638,#589,#395,.T.);
#802=EDGE_CURVE('',#639,#639,#144,.T.);
#803=EDGE_CURVE('',#639,#588,#396,.T.);
#804=EDGE_CURVE('',#587,#558,#397,.T.);
#805=EDGE_CURVE('',#613,#626,#398,.T.);
#806=EDGE_CURVE('',#634,#624,#399,.T.);
#807=EDGE_CURVE('',#625,#640,#145,.T.);
#808=EDGE_CURVE('',#640,#581,#400,.T.);
#809=EDGE_CURVE('',#640,#641,#401,.T.);
#810=EDGE_CURVE('',#641,#580,#402,.T.);
#811=EDGE_CURVE('',#642,#641,#146,.T.);
#812=EDGE_CURVE('',#642,#579,#403,.T.);
#813=EDGE_CURVE('',#642,#643,#404,.T.);
#814=EDGE_CURVE('',#643,#578,#405,.T.);
#815=EDGE_CURVE('',#644,#643,#147,.T.);
#816=EDGE_CURVE('',#644,#577,#406,.T.);
#817=EDGE_CURVE('',#644,#645,#407,.T.);
#818=EDGE_CURVE('',#645,#576,#408,.T.);
#819=EDGE_CURVE('',#646,#645,#23,.T.);
#820=EDGE_CURVE('',#646,#575,#409,.T.);
#821=EDGE_CURVE('',#647,#646,#410,.T.);
#822=EDGE_CURVE('',#647,#574,#411,.T.);
#823=EDGE_CURVE('',#648,#647,#148,.T.);
#824=EDGE_CURVE('',#648,#573,#412,.T.);
#825=EDGE_CURVE('',#649,#648,#413,.T.);
#826=EDGE_CURVE('',#649,#572,#414,.T.);
#827=EDGE_CURVE('',#650,#649,#149,.T.);
#828=EDGE_CURVE('',#650,#571,#415,.T.);
#829=EDGE_CURVE('',#651,#650,#416,.T.);
#830=EDGE_CURVE('',#651,#570,#417,.T.);
#831=EDGE_CURVE('',#651,#628,#150,.T.);
#832=EDGE_CURVE('',#652,#653,#418,.T.);
#833=EDGE_CURVE('',#653,#618,#419,.T.);
#834=EDGE_CURVE('',#652,#621,#420,.T.);
#835=EDGE_CURVE('',#654,#652,#421,.T.);
#836=EDGE_CURVE('',#654,#620,#422,.T.);
#837=EDGE_CURVE('',#655,#654,#423,.T.);
#838=EDGE_CURVE('',#655,#619,#424,.T.);
#839=EDGE_CURVE('',#653,#655,#425,.T.);
#840=ORIENTED_EDGE('',*,*,#656,.F.);
#841=ORIENTED_EDGE('',*,*,#657,.T.);
#842=ORIENTED_EDGE('',*,*,#658,.T.);
#843=ORIENTED_EDGE('',*,*,#659,.F.);
#844=ORIENTED_EDGE('',*,*,#660,.F.);
#845=ORIENTED_EDGE('',*,*,#661,.T.);
#846=ORIENTED_EDGE('',*,*,#662,.T.);
#847=ORIENTED_EDGE('',*,*,#657,.F.);
#848=ORIENTED_EDGE('',*,*,#663,.F.);
#849=ORIENTED_EDGE('',*,*,#664,.T.);
#850=ORIENTED_EDGE('',*,*,#665,.T.);
#851=ORIENTED_EDGE('',*,*,#661,.F.);
#852=ORIENTED_EDGE('',*,*,#666,.F.);
#853=ORIENTED_EDGE('',*,*,#667,.T.);
#854=ORIENTED_EDGE('',*,*,#668,.T.);
#855=ORIENTED_EDGE('',*,*,#664,.F.);
#856=ORIENTED_EDGE('',*,*,#669,.F.);
#857=ORIENTED_EDGE('',*,*,#670,.T.);
#858=ORIENTED_EDGE('',*,*,#671,.T.);
#859=ORIENTED_EDGE('',*,*,#667,.F.);
#860=ORIENTED_EDGE('',*,*,#672,.F.);
#861=ORIENTED_EDGE('',*,*,#673,.T.);
#862=ORIENTED_EDGE('',*,*,#674,.T.);
#863=ORIENTED_EDGE('',*,*,#670,.F.);
#864=ORIENTED_EDGE('',*,*,#675,.F.);
#865=ORIENTED_EDGE('',*,*,#676,.T.);
#866=ORIENTED_EDGE('',*,*,#677,.T.);
#867=ORIENTED_EDGE('',*,*,#673,.F.);
#868=ORIENTED_EDGE('',*,*,#678,.F.);
#869=ORIENTED_EDGE('',*,*,#659,.T.);
#870=ORIENTED_EDGE('',*,*,#679,.T.);
#871=ORIENTED_EDGE('',*,*,#676,.F.);
#872=ORIENTED_EDGE('',*,*,#679,.F.);
#873=ORIENTED_EDGE('',*,*,#658,.F.);
#874=ORIENTED_EDGE('',*,*,#662,.F.);
#875=ORIENTED_EDGE('',*,*,#665,.F.);
#876=ORIENTED_EDGE('',*,*,#668,.F.);
#877=ORIENTED_EDGE('',*,*,#671,.F.);
#878=ORIENTED_EDGE('',*,*,#674,.F.);
#879=ORIENTED_EDGE('',*,*,#677,.F.);
#880=ORIENTED_EDGE('',*,*,#680,.F.);
#881=ORIENTED_EDGE('',*,*,#681,.F.);
#882=ORIENTED_EDGE('',*,*,#682,.F.);
#883=ORIENTED_EDGE('',*,*,#683,.F.);
#884=ORIENTED_EDGE('',*,*,#684,.F.);
#885=ORIENTED_EDGE('',*,*,#685,.F.);
#886=ORIENTED_EDGE('',*,*,#686,.T.);
#887=ORIENTED_EDGE('',*,*,#687,.F.);
#888=ORIENTED_EDGE('',*,*,#686,.F.);
#889=ORIENTED_EDGE('',*,*,#688,.T.);
#890=ORIENTED_EDGE('',*,*,#689,.T.);
#891=ORIENTED_EDGE('',*,*,#690,.T.);
#892=ORIENTED_EDGE('',*,*,#689,.F.);
#893=ORIENTED_EDGE('',*,*,#691,.F.);
#894=ORIENTED_EDGE('',*,*,#692,.F.);
#895=ORIENTED_EDGE('',*,*,#693,.F.);
#896=ORIENTED_EDGE('',*,*,#694,.T.);
#897=ORIENTED_EDGE('',*,*,#695,.F.);
#898=ORIENTED_EDGE('',*,*,#696,.T.);
#899=ORIENTED_EDGE('',*,*,#697,.T.);
#900=ORIENTED_EDGE('',*,*,#698,.T.);
#901=ORIENTED_EDGE('',*,*,#699,.T.);
#902=ORIENTED_EDGE('',*,*,#700,.T.);
#903=ORIENTED_EDGE('',*,*,#701,.T.);
#904=ORIENTED_EDGE('',*,*,#702,.T.);
#905=ORIENTED_EDGE('',*,*,#703,.T.);
#906=ORIENTED_EDGE('',*,*,#704,.T.);
#907=ORIENTED_EDGE('',*,*,#705,.T.);
#908=ORIENTED_EDGE('',*,*,#706,.T.);
#909=ORIENTED_EDGE('',*,*,#707,.T.);
#910=ORIENTED_EDGE('',*,*,#708,.T.);
#911=ORIENTED_EDGE('',*,*,#709,.T.);
#912=ORIENTED_EDGE('',*,*,#710,.T.);
#913=ORIENTED_EDGE('',*,*,#711,.F.);
#914=ORIENTED_EDGE('',*,*,#712,.T.);
#915=ORIENTED_EDGE('',*,*,#687,.T.);
#916=ORIENTED_EDGE('',*,*,#713,.F.);
#917=ORIENTED_EDGE('',*,*,#714,.F.);
#918=ORIENTED_EDGE('',*,*,#715,.T.);
#919=ORIENTED_EDGE('',*,*,#716,.T.);
#920=ORIENTED_EDGE('',*,*,#717,.T.);
#921=ORIENTED_EDGE('',*,*,#718,.F.);
#922=ORIENTED_EDGE('',*,*,#688,.F.);
#923=ORIENTED_EDGE('',*,*,#690,.F.);
#924=ORIENTED_EDGE('',*,*,#719,.T.);
#925=ORIENTED_EDGE('',*,*,#680,.T.);
#926=ORIENTED_EDGE('',*,*,#719,.F.);
#927=ORIENTED_EDGE('',*,*,#713,.T.);
#928=ORIENTED_EDGE('',*,*,#720,.T.);
#929=ORIENTED_EDGE('',*,*,#721,.T.);
#930=ORIENTED_EDGE('',*,*,#720,.F.);
#931=ORIENTED_EDGE('',*,*,#721,.F.);
#932=ORIENTED_EDGE('',*,*,#722,.T.);
#933=ORIENTED_EDGE('',*,*,#681,.T.);
#934=ORIENTED_EDGE('',*,*,#722,.F.);
#935=ORIENTED_EDGE('',*,*,#718,.T.);
#936=ORIENTED_EDGE('',*,*,#723,.T.);
#937=ORIENTED_EDGE('',*,*,#724,.T.);
#938=ORIENTED_EDGE('',*,*,#723,.F.);
#939=ORIENTED_EDGE('',*,*,#724,.F.);
#940=ORIENTED_EDGE('',*,*,#725,.T.);
#941=ORIENTED_EDGE('',*,*,#682,.T.);
#942=ORIENTED_EDGE('',*,*,#725,.F.);
#943=ORIENTED_EDGE('',*,*,#714,.T.);
#944=ORIENTED_EDGE('',*,*,#726,.T.);
#945=ORIENTED_EDGE('',*,*,#727,.T.);
#946=ORIENTED_EDGE('',*,*,#726,.F.);
#947=ORIENTED_EDGE('',*,*,#727,.F.);
#948=ORIENTED_EDGE('',*,*,#728,.T.);
#949=ORIENTED_EDGE('',*,*,#683,.T.);
#950=ORIENTED_EDGE('',*,*,#728,.F.);
#951=ORIENTED_EDGE('',*,*,#729,.T.);
#952=ORIENTED_EDGE('',*,*,#730,.T.);
#953=ORIENTED_EDGE('',*,*,#731,.T.);
#954=ORIENTED_EDGE('',*,*,#732,.T.);
#955=ORIENTED_EDGE('',*,*,#733,.T.);
#956=ORIENTED_EDGE('',*,*,#734,.T.);
#957=ORIENTED_EDGE('',*,*,#731,.F.);
#958=ORIENTED_EDGE('',*,*,#735,.T.);
#959=ORIENTED_EDGE('',*,*,#736,.T.);
#960=ORIENTED_EDGE('',*,*,#737,.T.);
#961=ORIENTED_EDGE('',*,*,#733,.F.);
#962=ORIENTED_EDGE('',*,*,#738,.T.);
#963=ORIENTED_EDGE('',*,*,#739,.T.);
#964=ORIENTED_EDGE('',*,*,#740,.T.);
#965=ORIENTED_EDGE('',*,*,#736,.F.);
#966=ORIENTED_EDGE('',*,*,#741,.T.);
#967=ORIENTED_EDGE('',*,*,#742,.T.);
#968=ORIENTED_EDGE('',*,*,#743,.T.);
#969=ORIENTED_EDGE('',*,*,#739,.F.);
#970=ORIENTED_EDGE('',*,*,#744,.T.);
#971=ORIENTED_EDGE('',*,*,#745,.T.);
#972=ORIENTED_EDGE('',*,*,#746,.T.);
#973=ORIENTED_EDGE('',*,*,#742,.F.);
#974=ORIENTED_EDGE('',*,*,#747,.T.);
#975=ORIENTED_EDGE('',*,*,#748,.T.);
#976=ORIENTED_EDGE('',*,*,#749,.T.);
#977=ORIENTED_EDGE('',*,*,#745,.F.);
#978=ORIENTED_EDGE('',*,*,#750,.T.);
#979=ORIENTED_EDGE('',*,*,#748,.F.);
#980=ORIENTED_EDGE('',*,*,#751,.T.);
#981=ORIENTED_EDGE('',*,*,#729,.F.);
#982=ORIENTED_EDGE('',*,*,#752,.T.);
#983=ORIENTED_EDGE('',*,*,#746,.F.);
#984=ORIENTED_EDGE('',*,*,#753,.F.);
#985=ORIENTED_EDGE('',*,*,#754,.F.);
#986=ORIENTED_EDGE('',*,*,#755,.F.);
#987=ORIENTED_EDGE('',*,*,#749,.F.);
#988=ORIENTED_EDGE('',*,*,#756,.T.);
#989=ORIENTED_EDGE('',*,*,#757,.T.);
#990=ORIENTED_EDGE('',*,*,#758,.F.);
#991=ORIENTED_EDGE('',*,*,#759,.F.);
#992=ORIENTED_EDGE('',*,*,#753,.T.);
#993=ORIENTED_EDGE('',*,*,#752,.F.);
#994=ORIENTED_EDGE('',*,*,#760,.F.);
#995=ORIENTED_EDGE('',*,*,#761,.F.);
#996=ORIENTED_EDGE('',*,*,#756,.F.);
#997=ORIENTED_EDGE('',*,*,#762,.T.);
#998=ORIENTED_EDGE('',*,*,#732,.F.);
#999=ORIENTED_EDGE('',*,*,#763,.T.);
#1000=ORIENTED_EDGE('',*,*,#764,.T.);
#1001=ORIENTED_EDGE('',*,*,#760,.T.);
#1002=ORIENTED_EDGE('',*,*,#730,.F.);
#1003=ORIENTED_EDGE('',*,*,#751,.F.);
#1004=ORIENTED_EDGE('',*,*,#750,.F.);
#1005=ORIENTED_EDGE('',*,*,#747,.F.);
#1006=ORIENTED_EDGE('',*,*,#744,.F.);
#1007=ORIENTED_EDGE('',*,*,#741,.F.);
#1008=ORIENTED_EDGE('',*,*,#738,.F.);
#1009=ORIENTED_EDGE('',*,*,#735,.F.);
#1010=ORIENTED_EDGE('',*,*,#765,.T.);
#1011=ORIENTED_EDGE('',*,*,#766,.T.);
#1012=ORIENTED_EDGE('',*,*,#767,.T.);
#1013=ORIENTED_EDGE('',*,*,#768,.T.);
#1014=ORIENTED_EDGE('',*,*,#769,.T.);
#1015=ORIENTED_EDGE('',*,*,#759,.T.);
#1016=ORIENTED_EDGE('',*,*,#770,.T.);
#1017=ORIENTED_EDGE('',*,*,#693,.T.);
#1018=ORIENTED_EDGE('',*,*,#771,.T.);
#1019=ORIENTED_EDGE('',*,*,#754,.T.);
#1020=ORIENTED_EDGE('',*,*,#769,.F.);
#1021=ORIENTED_EDGE('',*,*,#692,.T.);
#1022=ORIENTED_EDGE('',*,*,#772,.T.);
#1023=ORIENTED_EDGE('',*,*,#773,.T.);
#1024=ORIENTED_EDGE('',*,*,#771,.F.);
#1025=ORIENTED_EDGE('',*,*,#691,.T.);
#1026=ORIENTED_EDGE('',*,*,#711,.T.);
#1027=ORIENTED_EDGE('',*,*,#774,.T.);
#1028=ORIENTED_EDGE('',*,*,#775,.T.);
#1029=ORIENTED_EDGE('',*,*,#776,.T.);
#1030=ORIENTED_EDGE('',*,*,#774,.F.);
#1031=ORIENTED_EDGE('',*,*,#710,.F.);
#1032=ORIENTED_EDGE('',*,*,#777,.F.);
#1033=ORIENTED_EDGE('',*,*,#778,.F.);
#1034=ORIENTED_EDGE('',*,*,#695,.T.);
#1035=ORIENTED_EDGE('',*,*,#779,.T.);
#1036=ORIENTED_EDGE('',*,*,#780,.T.);
#1037=ORIENTED_EDGE('',*,*,#781,.T.);
#1038=ORIENTED_EDGE('',*,*,#781,.F.);
#1039=ORIENTED_EDGE('',*,*,#782,.T.);
#1040=ORIENTED_EDGE('',*,*,#783,.T.);
#1041=ORIENTED_EDGE('',*,*,#696,.F.);
#1042=ORIENTED_EDGE('',*,*,#734,.F.);
#1043=ORIENTED_EDGE('',*,*,#784,.F.);
#1044=ORIENTED_EDGE('',*,*,#785,.F.);
#1045=ORIENTED_EDGE('',*,*,#763,.F.);
#1046=ORIENTED_EDGE('',*,*,#786,.T.);
#1047=ORIENTED_EDGE('',*,*,#737,.F.);
#1048=ORIENTED_EDGE('',*,*,#787,.T.);
#1049=ORIENTED_EDGE('',*,*,#788,.T.);
#1050=ORIENTED_EDGE('',*,*,#784,.T.);
#1051=ORIENTED_EDGE('',*,*,#740,.F.);
#1052=ORIENTED_EDGE('',*,*,#789,.F.);
#1053=ORIENTED_EDGE('',*,*,#790,.F.);
#1054=ORIENTED_EDGE('',*,*,#787,.F.);
#1055=ORIENTED_EDGE('',*,*,#791,.T.);
#1056=ORIENTED_EDGE('',*,*,#743,.F.);
#1057=ORIENTED_EDGE('',*,*,#755,.T.);
#1058=ORIENTED_EDGE('',*,*,#773,.F.);
#1059=ORIENTED_EDGE('',*,*,#792,.T.);
#1060=ORIENTED_EDGE('',*,*,#793,.T.);
#1061=ORIENTED_EDGE('',*,*,#789,.T.);
#1062=ORIENTED_EDGE('',*,*,#786,.F.);
#1063=ORIENTED_EDGE('',*,*,#794,.T.);
#1064=ORIENTED_EDGE('',*,*,#795,.F.);
#1065=ORIENTED_EDGE('',*,*,#794,.F.);
#1066=ORIENTED_EDGE('',*,*,#796,.F.);
#1067=ORIENTED_EDGE('',*,*,#797,.T.);
#1068=ORIENTED_EDGE('',*,*,#762,.F.);
#1069=ORIENTED_EDGE('',*,*,#797,.F.);
#1070=ORIENTED_EDGE('',*,*,#791,.F.);
#1071=ORIENTED_EDGE('',*,*,#798,.T.);
#1072=ORIENTED_EDGE('',*,*,#799,.F.);
#1073=ORIENTED_EDGE('',*,*,#798,.F.);
#1074=ORIENTED_EDGE('',*,*,#800,.F.);
#1075=ORIENTED_EDGE('',*,*,#801,.T.);
#1076=ORIENTED_EDGE('',*,*,#717,.F.);
#1077=ORIENTED_EDGE('',*,*,#801,.F.);
#1078=ORIENTED_EDGE('',*,*,#802,.F.);
#1079=ORIENTED_EDGE('',*,*,#803,.T.);
#1080=ORIENTED_EDGE('',*,*,#716,.F.);
#1081=ORIENTED_EDGE('',*,*,#803,.F.);
#1082=ORIENTED_EDGE('',*,*,#715,.F.);
#1083=ORIENTED_EDGE('',*,*,#804,.T.);
#1084=ORIENTED_EDGE('',*,*,#684,.T.);
#1085=ORIENTED_EDGE('',*,*,#804,.F.);
#1086=ORIENTED_EDGE('',*,*,#779,.F.);
#1087=ORIENTED_EDGE('',*,*,#694,.F.);
#1088=ORIENTED_EDGE('',*,*,#770,.F.);
#1089=ORIENTED_EDGE('',*,*,#758,.T.);
#1090=ORIENTED_EDGE('',*,*,#805,.T.);
#1091=ORIENTED_EDGE('',*,*,#776,.F.);
#1092=ORIENTED_EDGE('',*,*,#806,.F.);
#1093=ORIENTED_EDGE('',*,*,#792,.F.);
#1094=ORIENTED_EDGE('',*,*,#772,.F.);
#1095=ORIENTED_EDGE('',*,*,#712,.F.);
#1096=ORIENTED_EDGE('',*,*,#807,.F.);
#1097=ORIENTED_EDGE('',*,*,#777,.T.);
#1098=ORIENTED_EDGE('',*,*,#709,.F.);
#1099=ORIENTED_EDGE('',*,*,#808,.F.);
#1100=ORIENTED_EDGE('',*,*,#809,.F.);
#1101=ORIENTED_EDGE('',*,*,#808,.T.);
#1102=ORIENTED_EDGE('',*,*,#708,.F.);
#1103=ORIENTED_EDGE('',*,*,#810,.F.);
#1104=ORIENTED_EDGE('',*,*,#811,.T.);
#1105=ORIENTED_EDGE('',*,*,#810,.T.);
#1106=ORIENTED_EDGE('',*,*,#707,.F.);
#1107=ORIENTED_EDGE('',*,*,#812,.F.);
#1108=ORIENTED_EDGE('',*,*,#813,.F.);
#1109=ORIENTED_EDGE('',*,*,#812,.T.);
#1110=ORIENTED_EDGE('',*,*,#706,.F.);
#1111=ORIENTED_EDGE('',*,*,#814,.F.);
#1112=ORIENTED_EDGE('',*,*,#815,.T.);
#1113=ORIENTED_EDGE('',*,*,#814,.T.);
#1114=ORIENTED_EDGE('',*,*,#705,.F.);
#1115=ORIENTED_EDGE('',*,*,#816,.F.);
#1116=ORIENTED_EDGE('',*,*,#817,.F.);
#1117=ORIENTED_EDGE('',*,*,#816,.T.);
#1118=ORIENTED_EDGE('',*,*,#704,.F.);
#1119=ORIENTED_EDGE('',*,*,#818,.F.);
#1120=ORIENTED_EDGE('',*,*,#819,.T.);
#1121=ORIENTED_EDGE('',*,*,#818,.T.);
#1122=ORIENTED_EDGE('',*,*,#703,.F.);
#1123=ORIENTED_EDGE('',*,*,#820,.F.);
#1124=ORIENTED_EDGE('',*,*,#821,.T.);
#1125=ORIENTED_EDGE('',*,*,#820,.T.);
#1126=ORIENTED_EDGE('',*,*,#702,.F.);
#1127=ORIENTED_EDGE('',*,*,#822,.F.);
#1128=ORIENTED_EDGE('',*,*,#823,.T.);
#1129=ORIENTED_EDGE('',*,*,#822,.T.);
#1130=ORIENTED_EDGE('',*,*,#701,.F.);
#1131=ORIENTED_EDGE('',*,*,#824,.F.);
#1132=ORIENTED_EDGE('',*,*,#825,.T.);
#1133=ORIENTED_EDGE('',*,*,#824,.T.);
#1134=ORIENTED_EDGE('',*,*,#700,.F.);
#1135=ORIENTED_EDGE('',*,*,#826,.F.);
#1136=ORIENTED_EDGE('',*,*,#827,.T.);
#1137=ORIENTED_EDGE('',*,*,#826,.T.);
#1138=ORIENTED_EDGE('',*,*,#699,.F.);
#1139=ORIENTED_EDGE('',*,*,#828,.F.);
#1140=ORIENTED_EDGE('',*,*,#829,.T.);
#1141=ORIENTED_EDGE('',*,*,#828,.T.);
#1142=ORIENTED_EDGE('',*,*,#698,.F.);
#1143=ORIENTED_EDGE('',*,*,#830,.F.);
#1144=ORIENTED_EDGE('',*,*,#831,.F.);
#1145=ORIENTED_EDGE('',*,*,#830,.T.);
#1146=ORIENTED_EDGE('',*,*,#697,.F.);
#1147=ORIENTED_EDGE('',*,*,#783,.F.);
#1148=ORIENTED_EDGE('',*,*,#832,.T.);
#1149=ORIENTED_EDGE('',*,*,#833,.T.);
#1150=ORIENTED_EDGE('',*,*,#768,.F.);
#1151=ORIENTED_EDGE('',*,*,#834,.F.);
#1152=ORIENTED_EDGE('',*,*,#835,.T.);
#1153=ORIENTED_EDGE('',*,*,#834,.T.);
#1154=ORIENTED_EDGE('',*,*,#767,.F.);
#1155=ORIENTED_EDGE('',*,*,#836,.F.);
#1156=ORIENTED_EDGE('',*,*,#799,.T.);
#1157=ORIENTED_EDGE('',*,*,#837,.T.);
#1158=ORIENTED_EDGE('',*,*,#836,.T.);
#1159=ORIENTED_EDGE('',*,*,#766,.F.);
#1160=ORIENTED_EDGE('',*,*,#838,.F.);
#1161=ORIENTED_EDGE('',*,*,#795,.T.);
#1162=ORIENTED_EDGE('',*,*,#839,.T.);
#1163=ORIENTED_EDGE('',*,*,#838,.T.);
#1164=ORIENTED_EDGE('',*,*,#765,.F.);
#1165=ORIENTED_EDGE('',*,*,#833,.F.);
#1166=ORIENTED_EDGE('',*,*,#796,.T.);
#1167=ORIENTED_EDGE('',*,*,#775,.F.);
#1168=ORIENTED_EDGE('',*,*,#778,.T.);
#1169=ORIENTED_EDGE('',*,*,#807,.T.);
#1170=ORIENTED_EDGE('',*,*,#809,.T.);
#1171=ORIENTED_EDGE('',*,*,#811,.F.);
#1172=ORIENTED_EDGE('',*,*,#813,.T.);
#1173=ORIENTED_EDGE('',*,*,#815,.F.);
#1174=ORIENTED_EDGE('',*,*,#817,.T.);
#1175=ORIENTED_EDGE('',*,*,#819,.F.);
#1176=ORIENTED_EDGE('',*,*,#821,.F.);
#1177=ORIENTED_EDGE('',*,*,#823,.F.);
#1178=ORIENTED_EDGE('',*,*,#825,.F.);
#1179=ORIENTED_EDGE('',*,*,#827,.F.);
#1180=ORIENTED_EDGE('',*,*,#829,.F.);
#1181=ORIENTED_EDGE('',*,*,#831,.T.);
#1182=ORIENTED_EDGE('',*,*,#782,.F.);
#1183=ORIENTED_EDGE('',*,*,#780,.F.);
#1184=ORIENTED_EDGE('',*,*,#805,.F.);
#1185=ORIENTED_EDGE('',*,*,#757,.F.);
#1186=ORIENTED_EDGE('',*,*,#761,.T.);
#1187=ORIENTED_EDGE('',*,*,#764,.F.);
#1188=ORIENTED_EDGE('',*,*,#785,.T.);
#1189=ORIENTED_EDGE('',*,*,#788,.F.);
#1190=ORIENTED_EDGE('',*,*,#790,.T.);
#1191=ORIENTED_EDGE('',*,*,#793,.F.);
#1192=ORIENTED_EDGE('',*,*,#806,.T.);
#1193=ORIENTED_EDGE('',*,*,#656,.T.);
#1194=ORIENTED_EDGE('',*,*,#678,.T.);
#1195=ORIENTED_EDGE('',*,*,#675,.T.);
#1196=ORIENTED_EDGE('',*,*,#672,.T.);
#1197=ORIENTED_EDGE('',*,*,#669,.T.);
#1198=ORIENTED_EDGE('',*,*,#666,.T.);
#1199=ORIENTED_EDGE('',*,*,#663,.T.);
#1200=ORIENTED_EDGE('',*,*,#660,.T.);
#1201=ORIENTED_EDGE('',*,*,#685,.T.);
#1202=ORIENTED_EDGE('',*,*,#800,.T.);
#1203=ORIENTED_EDGE('',*,*,#802,.T.);
#1204=ORIENTED_EDGE('',*,*,#839,.F.);
#1205=ORIENTED_EDGE('',*,*,#832,.F.);
#1206=ORIENTED_EDGE('',*,*,#835,.F.);
#1207=ORIENTED_EDGE('',*,*,#837,.F.);
#1208=PLANE('',#1321);
#1209=PLANE('',#1322);
#1210=PLANE('',#1323);
#1211=PLANE('',#1324);
#1212=PLANE('',#1325);
#1213=PLANE('',#1326);
#1214=PLANE('',#1327);
#1215=PLANE('',#1328);
#1216=PLANE('',#1329);
#1217=PLANE('',#1341);
#1218=PLANE('',#1392);
#1219=PLANE('',#1396);
#1220=PLANE('',#1400);
#1221=PLANE('',#1411);
#1222=PLANE('',#1414);
#1223=PLANE('',#1415);
#1224=PLANE('',#1419);
#1225=PLANE('',#1434);
#1226=PLANE('',#1435);
#1227=PLANE('',#1438);
#1228=PLANE('',#1441);
#1229=PLANE('',#1444);
#1230=PLANE('',#1445);
#1231=PLANE('',#1448);
#1232=PLANE('',#1451);
#1233=PLANE('',#1454);
#1234=PLANE('',#1455);
#1235=PLANE('',#1456);
#1236=PLANE('',#1457);
#1237=PLANE('',#1458);
#1238=ADVANCED_FACE('',(#151),#1208,.F.);
#1239=ADVANCED_FACE('',(#152),#1209,.F.);
#1240=ADVANCED_FACE('',(#153),#1210,.F.);
#1241=ADVANCED_FACE('',(#154),#1211,.F.);
#1242=ADVANCED_FACE('',(#155),#1212,.F.);
#1243=ADVANCED_FACE('',(#156),#1213,.F.);
#1244=ADVANCED_FACE('',(#157),#1214,.F.);
#1245=ADVANCED_FACE('',(#158),#1215,.F.);
#1246=ADVANCED_FACE('',(#159,#56,#57,#58,#59,#60),#1216,.F.);
#1247=ADVANCED_FACE('',(#160),#28,.F.);
#1248=ADVANCED_FACE('',(#161),#24,.F.);
#1249=ADVANCED_FACE('',(#162,#61,#62,#63,#64,#65,#66,#67,#68),#1217,.T.);
#1250=ADVANCED_FACE('',(#163),#29,.F.);
#1251=ADVANCED_FACE('',(#164),#25,.F.);
#1252=ADVANCED_FACE('',(#165),#30,.F.);
#1253=ADVANCED_FACE('',(#166),#26,.F.);
#1254=ADVANCED_FACE('',(#167),#31,.F.);
#1255=ADVANCED_FACE('',(#168),#27,.F.);
#1256=ADVANCED_FACE('',(#169),#32,.F.);
#1257=ADVANCED_FACE('',(#170),#16,.T.);
#1258=ADVANCED_FACE('',(#171),#33,.T.);
#1259=ADVANCED_FACE('',(#172),#17,.T.);
#1260=ADVANCED_FACE('',(#173),#34,.T.);
#1261=ADVANCED_FACE('',(#174),#18,.T.);
#1262=ADVANCED_FACE('',(#175),#35,.T.);
#1263=ADVANCED_FACE('',(#176),#19,.T.);
#1264=ADVANCED_FACE('',(#177),#36,.T.);
#1265=ADVANCED_FACE('',(#178),#1218,.T.);
#1266=ADVANCED_FACE('',(#179),#37,.T.);
#1267=ADVANCED_FACE('',(#180,#69),#1219,.T.);
#1268=ADVANCED_FACE('',(#181),#38,.T.);
#1269=ADVANCED_FACE('',(#182,#70),#1220,.T.);
#1270=ADVANCED_FACE('',(#183),#20,.F.);
#1271=ADVANCED_FACE('',(#184),#39,.F.);
#1272=ADVANCED_FACE('',(#185),#21,.F.);
#1273=ADVANCED_FACE('',(#186),#40,.T.);
#1274=ADVANCED_FACE('',(#187),#1221,.T.);
#1275=ADVANCED_FACE('',(#188),#41,.T.);
#1276=ADVANCED_FACE('',(#189),#1222,.T.);
#1277=ADVANCED_FACE('',(#190,#71),#1223,.T.);
#1278=ADVANCED_FACE('',(#191),#42,.T.);
#1279=ADVANCED_FACE('',(#192,#72),#1224,.T.);
#1280=ADVANCED_FACE('',(#193),#43,.T.);
#1281=ADVANCED_FACE('',(#194),#44,.F.);
#1282=ADVANCED_FACE('',(#195),#45,.F.);
#1283=ADVANCED_FACE('',(#196),#46,.F.);
#1284=ADVANCED_FACE('',(#197),#47,.F.);
#1285=ADVANCED_FACE('',(#198),#48,.F.);
#1286=ADVANCED_FACE('',(#199),#49,.F.);
#1287=ADVANCED_FACE('',(#200),#1225,.T.);
#1288=ADVANCED_FACE('',(#201),#1226,.T.);
#1289=ADVANCED_FACE('',(#202),#50,.F.);
#1290=ADVANCED_FACE('',(#203),#1227,.T.);
#1291=ADVANCED_FACE('',(#204),#51,.T.);
#1292=ADVANCED_FACE('',(#205),#1228,.T.);
#1293=ADVANCED_FACE('',(#206),#52,.T.);
#1294=ADVANCED_FACE('',(#207),#1229,.T.);
#1295=ADVANCED_FACE('',(#208),#15,.T.);
#1296=ADVANCED_FACE('',(#209),#1230,.T.);
#1297=ADVANCED_FACE('',(#210),#53,.T.);
#1298=ADVANCED_FACE('',(#211),#1231,.T.);
#1299=ADVANCED_FACE('',(#212),#54,.T.);
#1300=ADVANCED_FACE('',(#213),#1232,.T.);
#1301=ADVANCED_FACE('',(#214),#55,.F.);
#1302=ADVANCED_FACE('',(#215),#1233,.T.);
#1303=ADVANCED_FACE('',(#216,#73),#1234,.T.);
#1304=ADVANCED_FACE('',(#217,#74),#1235,.T.);
#1305=ADVANCED_FACE('',(#218,#75),#1236,.T.);
#1306=ADVANCED_FACE('',(#219,#76,#77,#78,#79,#80),#1237,.F.);
#1307=CLOSED_SHELL('',(#1238,#1239,#1240,#1241,#1242,#1243,#1244,#1245,
#1246,#1247,#1248,#1249,#1250,#1251,#1252,#1253,#1254,#1255,#1256,#1257,
#1258,#1259,#1260,#1261,#1262,#1263,#1264,#1265,#1266,#1267,#1268,#1269,
#1270,#1271,#1272,#1273,#1274,#1275,#1276,#1277,#1278,#1279,#1280,#1281,
#1282,#1283,#1284,#1285,#1286,#1287,#1288,#1289,#1290,#1291,#1292,#1293,
#1294,#1295,#1296,#1297,#1298,#1299,#1300,#1301,#1302,#1303,#1304,#1305,
#1306));
#1308=DERIVED_UNIT_ELEMENT(#1310,1.);
#1309=DERIVED_UNIT_ELEMENT(#2283,-3.);
#1310=(
MASS_UNIT()
NAMED_UNIT(*)
SI_UNIT(.KILO.,.GRAM.)
);
#1311=DERIVED_UNIT((#1308,#1309));
#1312=MEASURE_REPRESENTATION_ITEM('density measure',
POSITIVE_RATIO_MEASURE(7850.),#1311);
#1313=PROPERTY_DEFINITION_REPRESENTATION(#1318,#1315);
#1314=PROPERTY_DEFINITION_REPRESENTATION(#1319,#1316);
#1315=REPRESENTATION('material name',(#1317),#2280);
#1316=REPRESENTATION('density',(#1312),#2280);
#1317=DESCRIPTIVE_REPRESENTATION_ITEM('Stahl','Stahl');
#1318=PROPERTY_DEFINITION('material property','material name',#2290);
#1319=PROPERTY_DEFINITION('material property','density of part',#2290);
#1320=AXIS2_PLACEMENT_3D('',#1849,#1459,#1460);
#1321=AXIS2_PLACEMENT_3D('',#1850,#1461,#1462);
#1322=AXIS2_PLACEMENT_3D('',#1859,#1467,#1468);
#1323=AXIS2_PLACEMENT_3D('',#1865,#1472,#1473);
#1324=AXIS2_PLACEMENT_3D('',#1871,#1477,#1478);
#1325=AXIS2_PLACEMENT_3D('',#1877,#1482,#1483);
#1326=AXIS2_PLACEMENT_3D('',#1883,#1487,#1488);
#1327=AXIS2_PLACEMENT_3D('',#1889,#1492,#1493);
#1328=AXIS2_PLACEMENT_3D('',#1895,#1497,#1498);
#1329=AXIS2_PLACEMENT_3D('',#1898,#1501,#1502);
#1330=AXIS2_PLACEMENT_3D('',#1900,#1503,#1504);
#1331=AXIS2_PLACEMENT_3D('',#1902,#1505,#1506);
#1332=AXIS2_PLACEMENT_3D('',#1904,#1507,#1508);
#1333=AXIS2_PLACEMENT_3D('',#1906,#1509,#1510);
#1334=AXIS2_PLACEMENT_3D('',#1908,#1511,#1512);
#1335=AXIS2_PLACEMENT_3D('',#1909,#1513,#1514);
#1336=AXIS2_PLACEMENT_3D('',#1911,#1515,#1516);
#1337=AXIS2_PLACEMENT_3D('',#1914,#1518,#1519);
#1338=AXIS2_PLACEMENT_3D('',#1915,#1520,#1521);
#1339=AXIS2_PLACEMENT_3D('',#1917,#1522,#1523);
#1340=AXIS2_PLACEMENT_3D('',#1920,#1525,#1526);
#1341=AXIS2_PLACEMENT_3D('',#1921,#1527,#1528);
#1342=AXIS2_PLACEMENT_3D('',#1924,#1529,#1530);
#1343=AXIS2_PLACEMENT_3D('',#1928,#1532,#1533);
#1344=AXIS2_PLACEMENT_3D('',#1932,#1535,#1536);
#1345=AXIS2_PLACEMENT_3D('',#1936,#1538,#1539);
#1346=AXIS2_PLACEMENT_3D('',#1940,#1541,#1542);
#1347=AXIS2_PLACEMENT_3D('',#1944,#1544,#1545);
#1348=AXIS2_PLACEMENT_3D('',#1966,#1548,#1549);
#1349=AXIS2_PLACEMENT_3D('',#1970,#1551,#1552);
#1350=AXIS2_PLACEMENT_3D('',#1974,#1554,#1555);
#1351=AXIS2_PLACEMENT_3D('',#1978,#1557,#1558);
#1352=AXIS2_PLACEMENT_3D('',#1981,#1560,#1561);
#1353=AXIS2_PLACEMENT_3D('',#1983,#1562,#1563);
#1354=AXIS2_PLACEMENT_3D('',#1985,#1564,#1565);
#1355=AXIS2_PLACEMENT_3D('',#1987,#1566,#1567);
#1356=AXIS2_PLACEMENT_3D('',#1989,#1568,#1569);
#1357=AXIS2_PLACEMENT_3D('',#1991,#1570,#1571);
#1358=AXIS2_PLACEMENT_3D('',#1992,#1572,#1573);
#1359=AXIS2_PLACEMENT_3D('',#1994,#1575,#1576);
#1360=AXIS2_PLACEMENT_3D('',#1997,#1578,#1579);
#1361=AXIS2_PLACEMENT_3D('',#1998,#1580,#1581);
#1362=AXIS2_PLACEMENT_3D('',#2000,#1583,#1584);
#1363=AXIS2_PLACEMENT_3D('',#2003,#1586,#1587);
#1364=AXIS2_PLACEMENT_3D('',#2004,#1588,#1589);
#1365=AXIS2_PLACEMENT_3D('',#2006,#1591,#1592);
#1366=AXIS2_PLACEMENT_3D('',#2009,#1594,#1595);
#1367=AXIS2_PLACEMENT_3D('',#2010,#1596,#1597);
#1368=AXIS2_PLACEMENT_3D('',#2012,#1599,#1600);
#1369=AXIS2_PLACEMENT_3D('',#2015,#1601,#1602);
#1370=AXIS2_PLACEMENT_3D('',#2017,#1603,#1604);
#1371=AXIS2_PLACEMENT_3D('',#2019,#1605,#1606);
#1372=AXIS2_PLACEMENT_3D('',#2020,#1607,#1608);
#1373=AXIS2_PLACEMENT_3D('',#2021,#1609,#1610);
#1374=AXIS2_PLACEMENT_3D('',#2024,#1611,#1612);
#1375=AXIS2_PLACEMENT_3D('',#2027,#1615,#1616);
#1376=AXIS2_PLACEMENT_3D('',#2030,#1617,#1618);
#1377=AXIS2_PLACEMENT_3D('',#2031,#1619,#1620);
#1378=AXIS2_PLACEMENT_3D('',#2032,#1621,#1622);
#1379=AXIS2_PLACEMENT_3D('',#2033,#1623,#1624);
#1380=AXIS2_PLACEMENT_3D('',#2036,#1625,#1626);
#1381=AXIS2_PLACEMENT_3D('',#2039,#1629,#1630);
#1382=AXIS2_PLACEMENT_3D('',#2042,#1631,#1632);
#1383=AXIS2_PLACEMENT_3D('',#2043,#1633,#1634);
#1384=AXIS2_PLACEMENT_3D('',#2044,#1635,#1636);
#1385=AXIS2_PLACEMENT_3D('',#2045,#1637,#1638);
#1386=AXIS2_PLACEMENT_3D('',#2048,#1639,#1640);
#1387=AXIS2_PLACEMENT_3D('',#2051,#1643,#1644);
#1388=AXIS2_PLACEMENT_3D('',#2054,#1645,#1646);
#1389=AXIS2_PLACEMENT_3D('',#2055,#1647,#1648);
#1390=AXIS2_PLACEMENT_3D('',#2056,#1649,#1650);
#1391=AXIS2_PLACEMENT_3D('',#2057,#1651,#1652);
#1392=AXIS2_PLACEMENT_3D('',#2060,#1655,#1656);
#1393=AXIS2_PLACEMENT_3D('',#2066,#1660,#1661);
#1394=AXIS2_PLACEMENT_3D('',#2070,#1663,#1664);
#1395=AXIS2_PLACEMENT_3D('',#2073,#1666,#1667);
#1396=AXIS2_PLACEMENT_3D('',#2074,#1668,#1669);
#1397=AXIS2_PLACEMENT_3D('',#2079,#1672,#1673);
#1398=AXIS2_PLACEMENT_3D('',#2080,#1674,#1675);
#1399=AXIS2_PLACEMENT_3D('',#2083,#1677,#1678);
#1400=AXIS2_PLACEMENT_3D('',#2084,#1679,#1680);
#1401=AXIS2_PLACEMENT_3D('',#2093,#1685,#1686);
#1402=AXIS2_PLACEMENT_3D('',#2094,#1687,#1688);
#1403=AXIS2_PLACEMENT_3D('',#2095,#1689,#1690);
#1404=AXIS2_PLACEMENT_3D('',#2096,#1691,#1692);
#1405=AXIS2_PLACEMENT_3D('',#2097,#1693,#1694);
#1406=AXIS2_PLACEMENT_3D('',#2098,#1695,#1696);
#1407=AXIS2_PLACEMENT_3D('',#2100,#1697,#1698);
#1408=AXIS2_PLACEMENT_3D('',#2101,#1699,#1700);
#1409=AXIS2_PLACEMENT_3D('',#2102,#1701,#1702);
#1410=AXIS2_PLACEMENT_3D('',#2106,#1704,#1705);
#1411=AXIS2_PLACEMENT_3D('',#2108,#1707,#1708);
#1412=AXIS2_PLACEMENT_3D('',#2112,#1711,#1712);
#1413=AXIS2_PLACEMENT_3D('',#2116,#1714,#1715);
#1414=AXIS2_PLACEMENT_3D('',#2118,#1717,#1718);
#1415=AXIS2_PLACEMENT_3D('',#2122,#1721,#1722);
#1416=AXIS2_PLACEMENT_3D('',#2127,#1725,#1726);
#1417=AXIS2_PLACEMENT_3D('',#2128,#1727,#1728);
#1418=AXIS2_PLACEMENT_3D('',#2131,#1730,#1731);
#1419=AXIS2_PLACEMENT_3D('',#2132,#1732,#1733);
#1420=AXIS2_PLACEMENT_3D('',#2137,#1736,#1737);
#1421=AXIS2_PLACEMENT_3D('',#2138,#1738,#1739);
#1422=AXIS2_PLACEMENT_3D('',#2141,#1741,#1742);
#1423=AXIS2_PLACEMENT_3D('',#2142,#1743,#1744);
#1424=AXIS2_PLACEMENT_3D('',#2145,#1746,#1747);
#1425=AXIS2_PLACEMENT_3D('',#2146,#1748,#1749);
#1426=AXIS2_PLACEMENT_3D('',#2148,#1750,#1751);
#1427=AXIS2_PLACEMENT_3D('',#2150,#1753,#1754);
#1428=AXIS2_PLACEMENT_3D('',#2153,#1756,#1757);
#1429=AXIS2_PLACEMENT_3D('',#2154,#1758,#1759);
#1430=AXIS2_PLACEMENT_3D('',#2156,#1760,#1761);
#1431=AXIS2_PLACEMENT_3D('',#2158,#1763,#1764);
#1432=AXIS2_PLACEMENT_3D('',#2160,#1765,#1766);
#1433=AXIS2_PLACEMENT_3D('',#2162,#1768,#1769);
#1434=AXIS2_PLACEMENT_3D('',#2164,#1771,#1772);
#1435=AXIS2_PLACEMENT_3D('',#2166,#1774,#1775);
#1436=AXIS2_PLACEMENT_3D('',#2168,#1777,#1778);
#1437=AXIS2_PLACEMENT_3D('',#2170,#1779,#1780);
#1438=AXIS2_PLACEMENT_3D('',#2172,#1782,#1783);
#1439=AXIS2_PLACEMENT_3D('',#2176,#1786,#1787);
#1440=AXIS2_PLACEMENT_3D('',#2178,#1788,#1789);
#1441=AXIS2_PLACEMENT_3D('',#2180,#1791,#1792);
#1442=AXIS2_PLACEMENT_3D('',#2184,#1795,#1796);
#1443=AXIS2_PLACEMENT_3D('',#2186,#1797,#1798);
#1444=AXIS2_PLACEMENT_3D('',#2188,#1800,#1801);
#1445=AXIS2_PLACEMENT_3D('',#2239,#1805,#1806);
#1446=AXIS2_PLACEMENT_3D('',#2243,#1809,#1810);
#1447=AXIS2_PLACEMENT_3D('',#2245,#1811,#1812);
#1448=AXIS2_PLACEMENT_3D('',#2247,#1814,#1815);
#1449=AXIS2_PLACEMENT_3D('',#2251,#1818,#1819);
#1450=AXIS2_PLACEMENT_3D('',#2253,#1820,#1821);
#1451=AXIS2_PLACEMENT_3D('',#2255,#1823,#1824);
#1452=AXIS2_PLACEMENT_3D('',#2259,#1827,#1828);
#1453=AXIS2_PLACEMENT_3D('',#2260,#1829,#1830);
#1454=AXIS2_PLACEMENT_3D('',#2261,#1831,#1832);
#1455=AXIS2_PLACEMENT_3D('',#2267,#1836,#1837);
#1456=AXIS2_PLACEMENT_3D('',#2271,#1840,#1841);
#1457=AXIS2_PLACEMENT_3D('',#2275,#1844,#1845);
#1458=AXIS2_PLACEMENT_3D('',#2277,#1847,#1848);
#1459=DIRECTION('axis',(0.,0.,1.));
#1460=DIRECTION('refdir',(1.,0.,0.));
#1461=DIRECTION('center_axis',(-0.707106781186548,0.707106781186548,0.));
#1462=DIRECTION('ref_axis',(-0.707106781186548,-0.707106781186548,0.));
#1463=DIRECTION('',(-0.707106781186548,-0.707106781186548,0.));
#1464=DIRECTION('',(0.,0.,1.));
#1465=DIRECTION('',(-0.707106781186548,-0.707106781186548,0.));
#1466=DIRECTION('',(0.,0.,1.));
#1467=DIRECTION('center_axis',(0.,1.,0.));
#1468=DIRECTION('ref_axis',(-1.,0.,0.));
#1469=DIRECTION('',(-1.,0.,0.));
#1470=DIRECTION('',(0.,0.,1.));
#1471=DIRECTION('',(-1.,0.,0.));
#1472=DIRECTION('center_axis',(0.707106781186548,0.707106781186547,0.));
#1473=DIRECTION('ref_axis',(-0.707106781186547,0.707106781186548,0.));
#1474=DIRECTION('',(-0.707106781186547,0.707106781186548,0.));
#1475=DIRECTION('',(0.,0.,1.));
#1476=DIRECTION('',(-0.707106781186547,0.707106781186548,0.));
#1477=DIRECTION('center_axis',(1.,0.,0.));
#1478=DIRECTION('ref_axis',(0.,1.,0.));
#1479=DIRECTION('',(0.,1.,0.));
#1480=DIRECTION('',(0.,0.,1.));
#1481=DIRECTION('',(0.,1.,0.));
#1482=DIRECTION('center_axis',(0.707106781186548,-0.707106781186548,0.));
#1483=DIRECTION('ref_axis',(0.707106781186548,0.707106781186548,0.));
#1484=DIRECTION('',(0.707106781186548,0.707106781186548,0.));
#1485=DIRECTION('',(0.,0.,1.));
#1486=DIRECTION('',(0.707106781186547,0.707106781186547,0.));
#1487=DIRECTION('center_axis',(0.,-1.,0.));
#1488=DIRECTION('ref_axis',(1.,0.,0.));
#1489=DIRECTION('',(1.,0.,0.));
#1490=DIRECTION('',(0.,0.,1.));
#1491=DIRECTION('',(1.,0.,0.));
#1492=DIRECTION('center_axis',(-0.707106781186547,-0.707106781186548,0.));
#1493=DIRECTION('ref_axis',(0.707106781186548,-0.707106781186547,0.));
#1494=DIRECTION('',(0.707106781186548,-0.707106781186547,0.));
#1495=DIRECTION('',(0.,0.,1.));
#1496=DIRECTION('',(0.707106781186548,-0.707106781186547,0.));
#1497=DIRECTION('center_axis',(-1.,0.,0.));
#1498=DIRECTION('ref_axis',(0.,-1.,0.));
#1499=DIRECTION('',(0.,-1.,0.));
#1500=DIRECTION('',(0.,-1.,0.));
#1501=DIRECTION('center_axis',(0.,0.,1.));
#1502=DIRECTION('ref_axis',(1.,0.,0.));
#1503=DIRECTION('center_axis',(0.,0.,-1.));
#1504=DIRECTION('ref_axis',(1.,0.,0.));
#1505=DIRECTION('center_axis',(0.,0.,-1.));
#1506=DIRECTION('ref_axis',(1.,0.,0.));
#1507=DIRECTION('center_axis',(0.,0.,-1.));
#1508=DIRECTION('ref_axis',(1.,0.,0.));
#1509=DIRECTION('center_axis',(0.,0.,-1.));
#1510=DIRECTION('ref_axis',(1.,0.,0.));
#1511=DIRECTION('center_axis',(0.,0.,-1.));
#1512=DIRECTION('ref_axis',(1.,0.,0.));
#1513=DIRECTION('center_axis',(0.,0.,1.));
#1514=DIRECTION('ref_axis',(1.,0.,0.));
#1515=DIRECTION('center_axis',(0.,0.,1.));
#1516=DIRECTION('ref_axis',(1.,0.,0.));
#1517=DIRECTION('',(0.,0.,1.));
#1518=DIRECTION('center_axis',(0.,0.,-1.));
#1519=DIRECTION('ref_axis',(1.,0.,0.));
#1520=DIRECTION('center_axis',(0.,0.,1.));
#1521=DIRECTION('ref_axis',(1.,0.,0.));
#1522=DIRECTION('center_axis',(0.,0.,1.));
#1523=DIRECTION('ref_axis',(1.,0.,0.));
#1524=DIRECTION('',(0.707106781186548,8.65956056235494E-17,-0.707106781186547));
#1525=DIRECTION('center_axis',(0.,0.,-1.));
#1526=DIRECTION('ref_axis',(1.,0.,0.));
#1527=DIRECTION('center_axis',(0.,0.,1.));
#1528=DIRECTION('ref_axis',(1.,0.,0.));
#1529=DIRECTION('center_axis',(0.,0.,1.));
#1530=DIRECTION('ref_axis',(0.38268343236509,-0.923879532511287,0.));
#1531=DIRECTION('',(1.,0.,0.));
#1532=DIRECTION('center_axis',(0.,0.,1.));
#1533=DIRECTION('ref_axis',(-0.38268343236509,-0.923879532511287,0.));
#1534=DIRECTION('',(-0.707106781186548,-0.707106781186548,0.));
#1535=DIRECTION('center_axis',(0.,0.,-1.));
#1536=DIRECTION('ref_axis',(-0.923879532511287,0.38268343236509,0.));
#1537=DIRECTION('',(0.,-1.,0.));
#1538=DIRECTION('center_axis',(0.,0.,-1.));
#1539=DIRECTION('ref_axis',(0.707106804894146,-0.707106757478948,0.));
#1540=DIRECTION('',(-0.707106757478946,-0.707106804894148,0.));
#1541=DIRECTION('center_axis',(0.,0.,1.));
#1542=DIRECTION('ref_axis',(-0.707106804894149,0.707106757478945,0.));
#1543=DIRECTION('',(0.,-1.,0.));
#1544=DIRECTION('center_axis',(0.,0.,1.));
#1545=DIRECTION('ref_axis',(-1.,2.53765262771464E-15,0.));
#1546=DIRECTION('',(0.707106781186547,-0.707106781186548,0.));
#1547=DIRECTION('',(0.707106781186548,0.707106781186547,0.));
#1548=DIRECTION('center_axis',(0.,0.,1.));
#1549=DIRECTION('ref_axis',(0.707106781186548,-0.707106781186547,0.));
#1550=DIRECTION('',(0.,1.,0.));
#1551=DIRECTION('center_axis',(0.,0.,1.));
#1552=DIRECTION('ref_axis',(1.,7.61295788314382E-15,0.));
#1553=DIRECTION('',(-0.707106757478946,0.707106804894148,0.));
#1554=DIRECTION('center_axis',(0.,0.,-1.));
#1555=DIRECTION('ref_axis',(-1.,-2.53765262771462E-15,0.));
#1556=DIRECTION('',(-2.10966214173079E-16,1.,0.));
#1557=DIRECTION('center_axis',(0.,0.,-1.));
#1558=DIRECTION('ref_axis',(0.923879532511287,0.38268343236509,0.));
#1559=DIRECTION('',(-0.707106781186548,0.707106781186548,0.));
#1560=DIRECTION('center_axis',(0.,0.,1.));
#1561=DIRECTION('ref_axis',(1.,0.,0.));
#1562=DIRECTION('center_axis',(0.,0.,1.));
#1563=DIRECTION('ref_axis',(1.,0.,0.));
#1564=DIRECTION('center_axis',(0.,0.,-1.));
#1565=DIRECTION('ref_axis',(1.,0.,0.));
#1566=DIRECTION('center_axis',(0.,0.,-1.));
#1567=DIRECTION('ref_axis',(1.,0.,0.));
#1568=DIRECTION('center_axis',(0.,0.,-1.));
#1569=DIRECTION('ref_axis',(1.,0.,0.));
#1570=DIRECTION('center_axis',(0.,0.,1.));
#1571=DIRECTION('ref_axis',(1.,0.,0.));
#1572=DIRECTION('center_axis',(0.,0.,1.));
#1573=DIRECTION('ref_axis',(1.,0.,0.));
#1574=DIRECTION('',(0.,0.,-1.));
#1575=DIRECTION('center_axis',(0.,0.,1.));
#1576=DIRECTION('ref_axis',(1.,0.,0.));
#1577=DIRECTION('',(0.707106781186548,8.65956056235493E-17,-0.707106781186548));
#1578=DIRECTION('center_axis',(0.,0.,-1.));
#1579=DIRECTION('ref_axis',(1.,0.,0.));
#1580=DIRECTION('center_axis',(0.,0.,1.));
#1581=DIRECTION('ref_axis',(1.,0.,0.));
#1582=DIRECTION('',(0.,0.,-1.));
#1583=DIRECTION('center_axis',(0.,0.,1.));
#1584=DIRECTION('ref_axis',(1.,0.,0.));
#1585=DIRECTION('',(0.707106781186548,8.65956056235494E-17,-0.707106781186547));
#1586=DIRECTION('center_axis',(0.,0.,-1.));
#1587=DIRECTION('ref_axis',(1.,0.,0.));
#1588=DIRECTION('center_axis',(0.,0.,1.));
#1589=DIRECTION('ref_axis',(1.,0.,0.));
#1590=DIRECTION('',(0.,0.,-1.));
#1591=DIRECTION('center_axis',(0.,0.,1.));
#1592=DIRECTION('ref_axis',(1.,0.,0.));
#1593=DIRECTION('',(0.707106781186548,8.65956056235494E-17,-0.707106781186547));
#1594=DIRECTION('center_axis',(0.,0.,-1.));
#1595=DIRECTION('ref_axis',(1.,0.,0.));
#1596=DIRECTION('center_axis',(0.,0.,1.));
#1597=DIRECTION('ref_axis',(1.,0.,0.));
#1598=DIRECTION('',(0.,0.,-1.));
#1599=DIRECTION('center_axis',(0.,0.,-1.));
#1600=DIRECTION('ref_axis',(-1.,0.,0.));
#1601=DIRECTION('center_axis',(0.,1.,0.));
#1602=DIRECTION('ref_axis',(-1.,0.,0.));
#1603=DIRECTION('center_axis',(0.,0.,-1.));
#1604=DIRECTION('ref_axis',(-0.707106781186548,0.707106781186548,0.));
#1605=DIRECTION('center_axis',(-1.,-2.7755575615629E-16,0.));
#1606=DIRECTION('ref_axis',(0.,0.,1.));
#1607=DIRECTION('center_axis',(0.,0.,1.));
#1608=DIRECTION('ref_axis',(-0.707106781186547,0.707106781186547,0.));
#1609=DIRECTION('center_axis',(-1.,0.,0.));
#1610=DIRECTION('ref_axis',(0.,0.707106781186551,0.707106781186544));
#1611=DIRECTION('center_axis',(-1.,0.,0.));
#1612=DIRECTION('ref_axis',(0.,0.,1.));
#1613=DIRECTION('',(-1.,0.,0.));
#1614=DIRECTION('',(1.,0.,0.));
#1615=DIRECTION('center_axis',(0.,0.,-1.));
#1616=DIRECTION('ref_axis',(-1.,0.,0.));
#1617=DIRECTION('center_axis',(0.,1.,0.));
#1618=DIRECTION('ref_axis',(0.,0.,1.));
#1619=DIRECTION('center_axis',(0.,0.,1.));
#1620=DIRECTION('ref_axis',(0.707106781186548,0.707106781186548,0.));
#1621=DIRECTION('center_axis',(0.,0.,-1.));
#1622=DIRECTION('ref_axis',(0.707106781186548,0.707106781186548,0.));
#1623=DIRECTION('center_axis',(0.,1.,0.));
#1624=DIRECTION('ref_axis',(0.707106781186551,0.,0.707106781186544));
#1625=DIRECTION('center_axis',(0.,1.,0.));
#1626=DIRECTION('ref_axis',(0.,0.,1.));
#1627=DIRECTION('',(0.,1.,0.));
#1628=DIRECTION('',(0.,-1.,0.));
#1629=DIRECTION('center_axis',(0.,0.,-1.));
#1630=DIRECTION('ref_axis',(-1.,0.,0.));
#1631=DIRECTION('center_axis',(1.,0.,0.));
#1632=DIRECTION('ref_axis',(0.,0.,1.));
#1633=DIRECTION('center_axis',(0.,0.,1.));
#1634=DIRECTION('ref_axis',(0.707106781186547,-0.707106781186548,0.));
#1635=DIRECTION('center_axis',(0.,0.,-1.));
#1636=DIRECTION('ref_axis',(0.707106781186547,-0.707106781186548,0.));
#1637=DIRECTION('center_axis',(1.,0.,0.));
#1638=DIRECTION('ref_axis',(0.,-0.707106781186549,0.707106781186546));
#1639=DIRECTION('center_axis',(1.,0.,0.));
#1640=DIRECTION('ref_axis',(0.,0.,1.));
#1641=DIRECTION('',(1.,0.,0.));
#1642=DIRECTION('',(-1.,0.,0.));
#1643=DIRECTION('center_axis',(0.,0.,-1.));
#1644=DIRECTION('ref_axis',(-1.,0.,0.));
#1645=DIRECTION('center_axis',(0.,-1.,0.));
#1646=DIRECTION('ref_axis',(0.,0.,1.));
#1647=DIRECTION('center_axis',(0.,0.,1.));
#1648=DIRECTION('ref_axis',(-0.707106781186548,-0.707106781186548,0.));
#1649=DIRECTION('center_axis',(0.,0.,-1.));
#1650=DIRECTION('ref_axis',(-0.707106781186548,-0.707106781186548,0.));
#1651=DIRECTION('center_axis',(0.,-1.,0.));
#1652=DIRECTION('ref_axis',(-0.707106781186549,0.,0.707106781186546));
#1653=DIRECTION('',(0.,1.,0.));
#1654=DIRECTION('',(0.,-1.,0.));
#1655=DIRECTION('center_axis',(0.,-1.,0.));
#1656=DIRECTION('ref_axis',(1.,0.,0.));
#1657=DIRECTION('',(0.,0.,1.));
#1658=DIRECTION('',(-1.,0.,0.));
#1659=DIRECTION('',(0.,0.,-1.));
#1660=DIRECTION('center_axis',(0.,0.,1.));
#1661=DIRECTION('ref_axis',(-0.707106781186548,-0.707106781186548,0.));
#1662=DIRECTION('',(0.,0.,-1.));
#1663=DIRECTION('center_axis',(0.,0.,1.));
#1664=DIRECTION('ref_axis',(-0.707106781186548,-0.707106781186548,0.));
#1665=DIRECTION('',(0.,0.,-1.));
#1666=DIRECTION('center_axis',(0.,0.,-1.));
#1667=DIRECTION('ref_axis',(-0.38268343236509,-0.923879532511287,0.));
#1668=DIRECTION('center_axis',(-1.,0.,0.));
#1669=DIRECTION('ref_axis',(0.,-1.,0.));
#1670=DIRECTION('',(0.,0.,1.));
#1671=DIRECTION('',(0.,1.,0.));
#1672=DIRECTION('center_axis',(1.,0.,0.));
#1673=DIRECTION('ref_axis',(0.,1.,0.));
#1674=DIRECTION('center_axis',(0.,0.,1.));
#1675=DIRECTION('ref_axis',(-0.707106781186548,0.707106781186547,0.));
#1676=DIRECTION('',(0.,0.,-1.));
#1677=DIRECTION('center_axis',(0.,0.,1.));
#1678=DIRECTION('ref_axis',(-0.707106781186548,0.707106781186547,0.));
#1679=DIRECTION('center_axis',(0.,0.,1.));
#1680=DIRECTION('ref_axis',(1.,0.,0.));
#1681=DIRECTION('',(0.,1.,0.));
#1682=DIRECTION('',(1.,0.,0.));
#1683=DIRECTION('',(0.,-1.,0.));
#1684=DIRECTION('',(-1.,0.,0.));
#1685=DIRECTION('center_axis',(0.,0.,1.));
#1686=DIRECTION('ref_axis',(1.,0.,0.));
#1687=DIRECTION('center_axis',(1.,1.85037170770859E-16,0.));
#1688=DIRECTION('ref_axis',(0.,0.,-1.));
#1689=DIRECTION('center_axis',(-0.707106781186548,0.707106781186548,0.));
#1690=DIRECTION('ref_axis',(-0.707106781186548,-0.707106781186548,0.));
#1691=DIRECTION('center_axis',(1.,0.,0.));
#1692=DIRECTION('ref_axis',(0.,0.707106781186547,-0.707106781186547));
#1693=DIRECTION('center_axis',(1.,0.,0.));
#1694=DIRECTION('ref_axis',(0.,0.,-1.));
#1695=DIRECTION('center_axis',(0.,0.,-1.));
#1696=DIRECTION('ref_axis',(-1.,0.,0.));
#1697=DIRECTION('center_axis',(0.707106781186548,0.707106781186548,0.));
#1698=DIRECTION('ref_axis',(0.707106781186548,-0.707106781186548,0.));
#1699=DIRECTION('center_axis',(0.,0.,-1.));
#1700=DIRECTION('ref_axis',(0.38268343236509,-0.923879532511287,0.));
#1701=DIRECTION('center_axis',(0.,0.,1.));
#1702=DIRECTION('ref_axis',(0.923879532511287,0.38268343236509,0.));
#1703=DIRECTION('',(0.,0.,-1.));
#1704=DIRECTION('center_axis',(0.,0.,1.));
#1705=DIRECTION('ref_axis',(0.923879532511287,0.38268343236509,0.));
#1706=DIRECTION('',(0.,0.,1.));
#1707=DIRECTION('center_axis',(1.,2.10966214173079E-16,0.));
#1708=DIRECTION('ref_axis',(-2.10966214173079E-16,1.,0.));
#1709=DIRECTION('',(0.,0.,1.));
#1710=DIRECTION('',(2.10966214173079E-16,-1.,0.));
#1711=DIRECTION('center_axis',(0.,0.,1.));
#1712=DIRECTION('ref_axis',(-0.923879532511287,0.38268343236509,0.));
#1713=DIRECTION('',(0.,0.,-1.));
#1714=DIRECTION('center_axis',(0.,0.,1.));
#1715=DIRECTION('ref_axis',(-0.923879532511287,0.38268343236509,0.));
#1716=DIRECTION('',(0.,0.,1.));
#1717=DIRECTION('center_axis',(-1.,0.,0.));
#1718=DIRECTION('ref_axis',(0.,-1.,0.));
#1719=DIRECTION('',(0.,-1.,0.));
#1720=DIRECTION('',(0.,0.,1.));
#1721=DIRECTION('center_axis',(0.,1.,0.));
#1722=DIRECTION('ref_axis',(-1.,0.,0.));
#1723=DIRECTION('',(0.,0.,1.));
#1724=DIRECTION('',(1.,0.,0.));
#1725=DIRECTION('center_axis',(0.,-1.,0.));
#1726=DIRECTION('ref_axis',(-1.,0.,0.));
#1727=DIRECTION('center_axis',(0.,0.,1.));
#1728=DIRECTION('ref_axis',(0.707106781186547,0.707106781186547,0.));
#1729=DIRECTION('',(0.,0.,-1.));
#1730=DIRECTION('center_axis',(0.,0.,1.));
#1731=DIRECTION('ref_axis',(0.707106781186547,0.707106781186547,0.));
#1732=DIRECTION('center_axis',(1.,0.,0.));
#1733=DIRECTION('ref_axis',(0.,1.,0.));
#1734=DIRECTION('',(0.,0.,1.));
#1735=DIRECTION('',(0.,-1.,0.));
#1736=DIRECTION('center_axis',(-1.,0.,0.));
#1737=DIRECTION('ref_axis',(0.,1.,0.));
#1738=DIRECTION('center_axis',(0.,0.,1.));
#1739=DIRECTION('ref_axis',(0.707106781186547,-0.707106781186548,0.));
#1740=DIRECTION('',(0.,0.,-1.));
#1741=DIRECTION('center_axis',(0.,0.,1.));
#1742=DIRECTION('ref_axis',(0.707106781186547,-0.707106781186548,0.));
#1743=DIRECTION('center_axis',(0.,-1.,0.));
#1744=DIRECTION('ref_axis',(-1.,0.,0.));
#1745=DIRECTION('',(0.,-1.,0.));
#1746=DIRECTION('center_axis',(0.,1.,0.));
#1747=DIRECTION('ref_axis',(-1.,0.,0.));
#1748=DIRECTION('center_axis',(-1.,0.,0.));
#1749=DIRECTION('ref_axis',(0.,1.,0.));
#1750=DIRECTION('center_axis',(-1.,0.,0.));
#1751=DIRECTION('ref_axis',(0.,1.,0.));
#1752=DIRECTION('',(-1.,0.,0.));
#1753=DIRECTION('center_axis',(-1.,0.,0.));
#1754=DIRECTION('ref_axis',(0.,1.,0.));
#1755=DIRECTION('',(-1.,0.,0.));
#1756=DIRECTION('center_axis',(1.,0.,0.));
#1757=DIRECTION('ref_axis',(0.,1.,0.));
#1758=DIRECTION('center_axis',(0.,0.,1.));
#1759=DIRECTION('ref_axis',(1.,0.,0.));
#1760=DIRECTION('center_axis',(0.,0.,1.));
#1761=DIRECTION('ref_axis',(1.,0.,0.));
#1762=DIRECTION('',(0.,0.,1.));
#1763=DIRECTION('center_axis',(0.,0.,1.));
#1764=DIRECTION('ref_axis',(1.,0.,0.));
#1765=DIRECTION('center_axis',(0.,0.,1.));
#1766=DIRECTION('ref_axis',(1.,0.,0.));
#1767=DIRECTION('',(0.,0.,1.));
#1768=DIRECTION('center_axis',(0.,0.,1.));
#1769=DIRECTION('ref_axis',(1.,0.,0.));
#1770=DIRECTION('',(0.,0.,-1.));
#1771=DIRECTION('center_axis',(-0.707106781186548,0.707106781186548,0.));
#1772=DIRECTION('ref_axis',(-0.707106781186548,-0.707106781186548,0.));
#1773=DIRECTION('',(-0.707106781186548,-0.707106781186548,0.));
#1774=DIRECTION('center_axis',(0.707106781186548,0.707106781186548,0.));
#1775=DIRECTION('ref_axis',(-0.707106781186548,0.707106781186548,0.));
#1776=DIRECTION('',(0.707106781186548,-0.707106781186548,0.));
#1777=DIRECTION('center_axis',(0.,0.,1.));
#1778=DIRECTION('ref_axis',(-1.,-2.53765262771462E-15,0.));
#1779=DIRECTION('center_axis',(0.,0.,1.));
#1780=DIRECTION('ref_axis',(-1.,-2.53765262771462E-15,0.));
#1781=DIRECTION('',(0.,0.,1.));
#1782=DIRECTION('center_axis',(0.707106804894148,0.707106757478946,0.));
#1783=DIRECTION('ref_axis',(-0.707106757478946,0.707106804894148,0.));
#1784=DIRECTION('',(0.707106757478946,-0.707106804894148,0.));
#1785=DIRECTION('',(0.,0.,1.));
#1786=DIRECTION('center_axis',(0.,0.,1.));
#1787=DIRECTION('ref_axis',(1.,7.61295788314382E-15,0.));
#1788=DIRECTION('center_axis',(0.,0.,1.));
#1789=DIRECTION('ref_axis',(1.,7.61295788314382E-15,0.));
#1790=DIRECTION('',(0.,0.,1.));
#1791=DIRECTION('center_axis',(1.,0.,0.));
#1792=DIRECTION('ref_axis',(0.,1.,0.));
#1793=DIRECTION('',(0.,-1.,0.));
#1794=DIRECTION('',(0.,0.,1.));
#1795=DIRECTION('center_axis',(0.,0.,1.));
#1796=DIRECTION('ref_axis',(0.707106781186548,-0.707106781186547,0.));
#1797=DIRECTION('center_axis',(0.,0.,1.));
#1798=DIRECTION('ref_axis',(0.707106781186548,-0.707106781186547,0.));
#1799=DIRECTION('',(0.,0.,1.));
#1800=DIRECTION('center_axis',(0.707106781186547,-0.707106781186548,0.));
#1801=DIRECTION('ref_axis',(0.707106781186548,0.707106781186547,0.));
#1802=DIRECTION('',(-0.707106781186548,-0.707106781186547,0.));
#1803=DIRECTION('',(0.,0.,1.));
#1804=DIRECTION('',(0.,0.,1.));
#1805=DIRECTION('center_axis',(-0.707106781186548,-0.707106781186547,0.));
#1806=DIRECTION('ref_axis',(0.707106781186547,-0.707106781186548,0.));
#1807=DIRECTION('',(0.707106781186547,-0.707106781186548,0.));
#1808=DIRECTION('',(0.,0.,1.));
#1809=DIRECTION('center_axis',(0.,0.,1.));
#1810=DIRECTION('ref_axis',(-1.,2.53765262771464E-15,0.));
#1811=DIRECTION('center_axis',(0.,0.,1.));
#1812=DIRECTION('ref_axis',(-1.,2.53765262771464E-15,0.));
#1813=DIRECTION('',(0.,0.,1.));
#1814=DIRECTION('center_axis',(-1.,0.,0.));
#1815=DIRECTION('ref_axis',(0.,-1.,0.));
#1816=DIRECTION('',(0.,-1.,0.));
#1817=DIRECTION('',(0.,0.,1.));
#1818=DIRECTION('center_axis',(0.,0.,1.));
#1819=DIRECTION('ref_axis',(-0.707106804894149,0.707106757478945,0.));
#1820=DIRECTION('center_axis',(0.,0.,1.));
#1821=DIRECTION('ref_axis',(-0.707106804894149,0.707106757478945,0.));
#1822=DIRECTION('',(0.,0.,1.));
#1823=DIRECTION('center_axis',(-0.707106804894149,0.707106757478946,0.));
#1824=DIRECTION('ref_axis',(-0.707106757478946,-0.707106804894148,0.));
#1825=DIRECTION('',(-0.707106757478946,-0.707106804894148,0.));
#1826=DIRECTION('',(0.,0.,1.));
#1827=DIRECTION('center_axis',(0.,0.,1.));
#1828=DIRECTION('ref_axis',(0.707106804894146,-0.707106757478948,0.));
#1829=DIRECTION('center_axis',(0.,0.,1.));
#1830=DIRECTION('ref_axis',(0.707106804894146,-0.707106757478948,0.));
#1831=DIRECTION('center_axis',(0.,1.,0.));
#1832=DIRECTION('ref_axis',(-1.,0.,0.));
#1833=DIRECTION('',(-1.,0.,0.));
#1834=DIRECTION('',(0.,0.,1.));
#1835=DIRECTION('',(0.,0.,1.));
#1836=DIRECTION('center_axis',(-1.,0.,0.));
#1837=DIRECTION('ref_axis',(0.,-1.,0.));
#1838=DIRECTION('',(0.,-1.,0.));
#1839=DIRECTION('',(0.,0.,1.));
#1840=DIRECTION('center_axis',(0.,-1.,0.));
#1841=DIRECTION('ref_axis',(1.,0.,0.));
#1842=DIRECTION('',(1.,0.,0.));
#1843=DIRECTION('',(0.,0.,1.));
#1844=DIRECTION('center_axis',(1.,0.,0.));
#1845=DIRECTION('ref_axis',(0.,1.,0.));
#1846=DIRECTION('',(0.,1.,0.));
#1847=DIRECTION('center_axis',(0.,0.,1.));
#1848=DIRECTION('ref_axis',(1.,0.,0.));
#1849=CARTESIAN_POINT('',(0.,0.,0.));
#1850=CARTESIAN_POINT('Origin',(-3.24999977648258,-8.75000044703484,0.));
#1851=CARTESIAN_POINT('',(-3.24999977648258,-8.75000044703484,0.));
#1852=CARTESIAN_POINT('',(-6.24999977648258,-11.7500004470348,0.));
#1853=CARTESIAN_POINT('',(7.25000039115548,1.74999972060323,0.));
#1854=CARTESIAN_POINT('',(-3.24999977648258,-8.75000044703484,5.));
#1855=CARTESIAN_POINT('',(-3.24999977648258,-8.75000044703484,0.));
#1856=CARTESIAN_POINT('',(-6.24999977648258,-11.7500004470348,5.));
#1857=CARTESIAN_POINT('',(-6.24999977648258,-11.7500004470348,5.));
#1858=CARTESIAN_POINT('',(-6.24999977648258,-11.7500004470348,0.));
#1859=CARTESIAN_POINT('Origin',(33.2500002235174,-8.75000044703484,0.));
#1860=CARTESIAN_POINT('',(33.2500002235174,-8.75000044703484,0.));
#1861=CARTESIAN_POINT('',(24.1250002235174,-8.75000044703484,0.));
#1862=CARTESIAN_POINT('',(33.2500002235174,-8.75000044703484,5.));
#1863=CARTESIAN_POINT('',(33.2500002235174,-8.75000044703484,0.));
#1864=CARTESIAN_POINT('',(-6.24999977648258,-8.75000044703484,5.));
#1865=CARTESIAN_POINT('Origin',(36.2500002235174,-11.7500004470348,0.));
#1866=CARTESIAN_POINT('',(36.2500002235174,-11.7500004470348,0.));
#1867=CARTESIAN_POINT('',(24.2500000558794,0.249999720603232,0.));
#1868=CARTESIAN_POINT('',(36.2500002235174,-11.7500004470348,5.));
#1869=CARTESIAN_POINT('',(36.2500002235174,-11.7500004470348,0.));
#1870=CARTESIAN_POINT('',(36.2500002235174,-11.7500004470348,5.));
#1871=CARTESIAN_POINT('Origin',(36.2500002235174,-48.2500004470348,0.));
#1872=CARTESIAN_POINT('',(36.2500002235174,-48.2500004470348,0.));
#1873=CARTESIAN_POINT('',(36.2500002235174,-16.6250001117587,0.));
#1874=CARTESIAN_POINT('',(36.2500002235174,-48.2500004470348,5.));
#1875=CARTESIAN_POINT('',(36.2500002235174,-48.2500004470348,0.));
#1876=CARTESIAN_POINT('',(36.2500002235174,-11.7500004470348,5.));
#1877=CARTESIAN_POINT('Origin',(33.2500002235174,-51.2500004470348,0.));
#1878=CARTESIAN_POINT('',(33.2500002235174,-51.2500004470348,0.));
#1879=CARTESIAN_POINT('',(45.2500003911555,-39.2500002793968,0.));
#1880=CARTESIAN_POINT('',(33.2500002235174,-51.2500004470348,5.));
#1881=CARTESIAN_POINT('',(33.2500002235174,-51.2500004470348,0.));
#1882=CARTESIAN_POINT('',(33.2500002235174,-51.2500004470348,5.));
#1883=CARTESIAN_POINT('Origin',(-3.24999977648258,-51.2500004470348,0.));
#1884=CARTESIAN_POINT('',(-3.24999977648258,-51.2500004470348,0.));
#1885=CARTESIAN_POINT('',(5.87500022351742,-51.2500004470348,0.));
#1886=CARTESIAN_POINT('',(-3.24999977648258,-51.2500004470348,5.));
#1887=CARTESIAN_POINT('',(-3.24999977648258,-51.2500004470348,0.));
#1888=CARTESIAN_POINT('',(33.2500002235174,-51.2500004470348,5.));
#1889=CARTESIAN_POINT('Origin',(-6.24999977648258,-48.2500004470348,0.));
#1890=CARTESIAN_POINT('',(-6.24999977648258,-48.2500004470348,0.));
#1891=CARTESIAN_POINT('',(-16.7499999441206,-37.7500002793968,0.));
#1892=CARTESIAN_POINT('',(-6.24999977648258,-48.2500004470348,5.));
#1893=CARTESIAN_POINT('',(-6.24999977648258,-48.2500004470348,0.));
#1894=CARTESIAN_POINT('',(-6.24999977648258,-48.2500004470348,5.));
#1895=CARTESIAN_POINT('Origin',(-6.24999977648258,-11.7500004470348,0.));
#1896=CARTESIAN_POINT('',(-6.24999977648258,1.62499988824129,0.));
#1897=CARTESIAN_POINT('',(-6.24999977648258,-48.2500004470348,5.));
#1898=CARTESIAN_POINT('Origin',(15.0000002235174,-30.0000004470348,5.));
#1899=CARTESIAN_POINT('',(28.7499998509884,-46.0000002235174,5.));
#1900=CARTESIAN_POINT('Origin',(30.4999998509884,-46.0000002235174,5.));
#1901=CARTESIAN_POINT('',(-2.25000014901161,-46.0000002235174,5.));
#1902=CARTESIAN_POINT('Origin',(-0.500000149011611,-46.0000002235174,5.));
#1903=CARTESIAN_POINT('',(-2.25000014901161,-15.0000002235174,5.));
#1904=CARTESIAN_POINT('Origin',(-0.500000149011611,-15.0000002235174,5.));
#1905=CARTESIAN_POINT('',(28.7499998509884,-15.0000002235174,5.));
#1906=CARTESIAN_POINT('Origin',(30.4999998509884,-15.0000002235174,5.));
#1907=CARTESIAN_POINT('',(2.49999985098839,-30.5000002235174,5.));
#1908=CARTESIAN_POINT('Origin',(14.9999998509884,-30.5000002235174,5.));
#1909=CARTESIAN_POINT('Origin',(15.0000002235174,-119.500001847744,0.));
#1910=CARTESIAN_POINT('',(12.2500002235174,-119.500001847744,0.));
#1911=CARTESIAN_POINT('Origin',(15.0000002235174,-119.500001847744,0.));
#1912=CARTESIAN_POINT('',(12.2500002235174,-119.500001847744,10.));
#1913=CARTESIAN_POINT('',(12.2500002235174,-119.500001847744,0.));
#1914=CARTESIAN_POINT('Origin',(15.0000002235174,-119.500001847744,10.));
#1915=CARTESIAN_POINT('Origin',(30.4999998509884,-46.0000002235174,9.5));
#1916=CARTESIAN_POINT('',(27.7499998509884,-46.0000002235174,10.));
#1917=CARTESIAN_POINT('Origin',(30.4999998509884,-46.0000002235174,10.));
#1918=CARTESIAN_POINT('',(28.7499998509884,-46.0000002235174,9.));
#1919=CARTESIAN_POINT('',(28.2499998509884,-46.0000002235174,9.5));
#1920=CARTESIAN_POINT('Origin',(30.4999998509884,-46.0000002235174,9.));
#1921=CARTESIAN_POINT('Origin',(15.0000002235174,-72.560486541038,10.));
#1922=CARTESIAN_POINT('',(32.0000005215406,-8.00000007450581,10.));
#1923=CARTESIAN_POINT('',(36.2426412086599,-6.24264076162509,10.));
#1924=CARTESIAN_POINT('Origin',(32.0000005215406,-2.00000007450581,10.));
#1925=CARTESIAN_POINT('',(-2.00000007450581,-8.00000007450581,10.));
#1926=CARTESIAN_POINT('',(5.00000007450581,-8.00000007450581,10.));
#1927=CARTESIAN_POINT('',(-6.24264076162509,-6.24264076162509,10.));
#1928=CARTESIAN_POINT('Origin',(-2.00000007450581,-2.00000007450581,10.));
#1929=CARTESIAN_POINT('',(-9.12132049257125,-9.12132049257125,10.));
#1930=CARTESIAN_POINT('',(-5.00000007450581,-5.00000007450581,10.));
#1931=CARTESIAN_POINT('',(-10.0000001490116,-11.2426408361309,10.));
#1932=CARTESIAN_POINT('Origin',(-7.00000014901161,-11.2426408361309,10.));
#1933=CARTESIAN_POINT('',(-10.0000001490116,-52.1005053498801,10.));
#1934=CARTESIAN_POINT('',(-10.0000001490116,-10.0000001490116,10.));
#1935=CARTESIAN_POINT('',(-12.0502525147526,-57.0502526522327,10.));
#1936=CARTESIAN_POINT('Origin',(-17.0000001490116,-52.1005053498801,10.));
#1937=CARTESIAN_POINT('',(-17.9497479322822,-62.9497484653544,10.));
#1938=CARTESIAN_POINT('',(-12.0502525147526,-57.0502526522327,10.));
#1939=CARTESIAN_POINT('',(-20.0000002980232,-67.899495767707,10.));
#1940=CARTESIAN_POINT('Origin',(-13.0000002980232,-67.899495767707,10.));
#1941=CARTESIAN_POINT('',(-20.0000002980232,-112.100506777022,10.));
#1942=CARTESIAN_POINT('',(-20.0000002980232,-67.899495767707,10.));
#1943=CARTESIAN_POINT('',(-17.9497477663291,-117.050254245328,10.));
#1944=CARTESIAN_POINT('Origin',(-13.0000002980232,-112.100506777022,10.));
#1945=CARTESIAN_POINT('',(-0.500000149011611,-134.500001862645,10.));
#1946=CARTESIAN_POINT('',(-17.9497477663291,-117.050254245328,10.));
#1947=CARTESIAN_POINT('',(30.4999998509884,-134.500002607703,10.));
#1948=CARTESIAN_POINT('Ctrl Pts',(-0.500000149011611,-134.500001862645,
10.));
#1949=CARTESIAN_POINT('Ctrl Pts',(0.119999863300632,-134.917163714924,10.));
#1950=CARTESIAN_POINT('Ctrl Pts',(1.35999988685145,-135.715056875245,10.));
#1951=CARTESIAN_POINT('Ctrl Pts',(3.2199999189569,-136.802608332382,10.));
#1952=CARTESIAN_POINT('Ctrl Pts',(5.69999995521432,-138.030475423289,10.));
#1953=CARTESIAN_POINT('Ctrl Pts',(8.79999998887241,-139.169839590301,10.));
#1954=CARTESIAN_POINT('Ctrl Pts',(11.9000000098173,-139.878391309594,10.));
#1955=CARTESIAN_POINT('Ctrl Pts',(15.0000000170044,-140.12097300757,10.));
#1956=CARTESIAN_POINT('Ctrl Pts',(18.1000000098611,-139.87839147266,10.));
#1957=CARTESIAN_POINT('Ctrl Pts',(21.1999999889492,-139.16983991096,10.));
#1958=CARTESIAN_POINT('Ctrl Pts',(24.2999999553024,-138.030475894209,10.));
#1959=CARTESIAN_POINT('Ctrl Pts',(26.7799999190293,-136.802608916967,10.));
#1960=CARTESIAN_POINT('Ctrl Pts',(28.6399998868948,-135.715057541459,10.));
#1961=CARTESIAN_POINT('Ctrl Pts',(29.8799998633164,-134.917164433965,10.));
#1962=CARTESIAN_POINT('Ctrl Pts',(30.4999998509884,-134.500002607703,10.));
#1963=CARTESIAN_POINT('',(47.9497482133639,-117.050254245328,10.));
#1964=CARTESIAN_POINT('',(47.9497482133639,-117.050254245328,10.));
#1965=CARTESIAN_POINT('',(50.0000007450581,-112.100506777022,10.));
#1966=CARTESIAN_POINT('Origin',(43.000000745058,-112.100506777022,10.));
#1967=CARTESIAN_POINT('',(50.0000007450581,-67.899495767707,10.));
#1968=CARTESIAN_POINT('',(50.0000007450581,-85.0000012665987,10.));
#1969=CARTESIAN_POINT('',(47.9497483793171,-62.9497484653544,10.));
#1970=CARTESIAN_POINT('Origin',(43.000000745058,-67.8994957677071,10.));
#1971=CARTESIAN_POINT('',(42.0502529617874,-57.0502526522327,10.));
#1972=CARTESIAN_POINT('',(42.0502529617874,-57.0502526522327,10.));
#1973=CARTESIAN_POINT('',(40.0000005960465,-52.1005053498801,10.));
#1974=CARTESIAN_POINT('Origin',(47.0000005960465,-52.1005053498801,10.));
#1975=CARTESIAN_POINT('',(40.0000005960464,-11.2426408361309,10.));
#1976=CARTESIAN_POINT('',(40.0000005960464,-10.0000001490116,10.));
#1977=CARTESIAN_POINT('',(39.1213209396061,-9.12132049257126,10.));
#1978=CARTESIAN_POINT('Origin',(37.0000005960465,-11.2426408361309,10.));
#1979=CARTESIAN_POINT('',(35.0000005215406,-5.00000007450581,10.));
#1980=CARTESIAN_POINT('',(-3.25000014901161,-46.0000002235174,10.));
#1981=CARTESIAN_POINT('Origin',(-0.500000149011611,-46.0000002235174,10.));
#1982=CARTESIAN_POINT('',(27.7499998509884,-15.0000002235174,10.));
#1983=CARTESIAN_POINT('Origin',(30.4999998509884,-15.0000002235174,10.));
#1984=CARTESIAN_POINT('',(2.49999985098839,-30.5000002235174,10.));
#1985=CARTESIAN_POINT('Origin',(14.9999998509884,-30.5000002235174,10.));
#1986=CARTESIAN_POINT('',(-7.75000007450581,-70.0000010430813,10.));
#1987=CARTESIAN_POINT('Origin',(-5.00000007450581,-70.0000010430813,10.));
#1988=CARTESIAN_POINT('',(32.2500005215406,-70.0000010430813,10.));
#1989=CARTESIAN_POINT('Origin',(35.0000005215406,-70.0000010430813,10.));
#1990=CARTESIAN_POINT('',(-3.25000014901161,-15.0000002235174,10.));
#1991=CARTESIAN_POINT('Origin',(-0.500000149011611,-15.0000002235174,10.));
#1992=CARTESIAN_POINT('Origin',(30.4999998509884,-46.0000002235174,0.));
#1993=CARTESIAN_POINT('',(28.7499998509884,-46.0000002235174,0.));
#1994=CARTESIAN_POINT('Origin',(-0.500000149011611,-46.0000002235174,9.5));
#1995=CARTESIAN_POINT('',(-2.25000014901161,-46.0000002235174,9.));
#1996=CARTESIAN_POINT('',(-2.75000014901161,-46.0000002235174,9.5));
#1997=CARTESIAN_POINT('Origin',(-0.500000149011611,-46.0000002235174,9.));
#1998=CARTESIAN_POINT('Origin',(-0.500000149011611,-46.0000002235174,0.));
#1999=CARTESIAN_POINT('',(-2.25000014901161,-46.0000002235174,0.));
#2000=CARTESIAN_POINT('Origin',(-0.500000149011611,-15.0000002235174,9.5));
#2001=CARTESIAN_POINT('',(-2.25000014901161,-15.0000002235174,9.));
#2002=CARTESIAN_POINT('',(-2.75000014901161,-15.0000002235174,9.5));
#2003=CARTESIAN_POINT('Origin',(-0.500000149011611,-15.0000002235174,9.));
#2004=CARTESIAN_POINT('Origin',(-0.500000149011611,-15.0000002235174,0.));
#2005=CARTESIAN_POINT('',(-2.25000014901161,-15.0000002235174,0.));
#2006=CARTESIAN_POINT('Origin',(30.4999998509884,-15.0000002235174,9.5));
#2007=CARTESIAN_POINT('',(28.7499998509884,-15.0000002235174,9.));
#2008=CARTESIAN_POINT('',(28.2499998509884,-15.0000002235174,9.5));
#2009=CARTESIAN_POINT('Origin',(30.4999998509884,-15.0000002235174,9.));
#2010=CARTESIAN_POINT('Origin',(30.4999998509884,-15.0000002235174,0.));
#2011=CARTESIAN_POINT('',(28.7499998509884,-15.0000002235174,0.));
#2012=CARTESIAN_POINT('Origin',(-2.00000007450581,32.0000005215406,49.));
#2013=CARTESIAN_POINT('',(-5.00000007450581,32.0000005215406,49.));
#2014=CARTESIAN_POINT('',(-4.00000007450581,32.0000005215406,50.));
#2015=CARTESIAN_POINT('Origin',(-4.00000007450581,32.0000005215406,49.));
#2016=CARTESIAN_POINT('',(-2.00000007450581,34.0000005215406,50.));
#2017=CARTESIAN_POINT('Origin',(-2.00000007450581,32.0000005215406,50.));
#2018=CARTESIAN_POINT('',(-2.00000007450581,35.0000005215406,49.));
#2019=CARTESIAN_POINT('Origin',(-2.00000007450581,34.0000005215406,49.));
#2020=CARTESIAN_POINT('Origin',(-2.00000007450581,32.0000005215406,49.));
#2021=CARTESIAN_POINT('Origin',(25.000000372529,34.0000005215406,49.));
#2022=CARTESIAN_POINT('',(32.0000005215406,34.0000005215406,50.));
#2023=CARTESIAN_POINT('',(32.0000005215406,35.0000005215406,49.));
#2024=CARTESIAN_POINT('Origin',(32.0000005215406,34.0000005215406,49.));
#2025=CARTESIAN_POINT('',(25.000000372529,35.0000005215406,49.));
#2026=CARTESIAN_POINT('',(25.000000372529,34.0000005215406,50.));
#2027=CARTESIAN_POINT('Origin',(32.0000005215406,32.0000005215406,49.));
#2028=CARTESIAN_POINT('',(34.0000005215406,32.0000005215406,50.));
#2029=CARTESIAN_POINT('',(35.0000005215406,32.0000005215406,49.));
#2030=CARTESIAN_POINT('Origin',(34.0000005215406,32.0000005215406,49.));
#2031=CARTESIAN_POINT('Origin',(32.0000005215406,32.0000005215406,49.));
#2032=CARTESIAN_POINT('Origin',(32.0000005215406,32.0000005215406,50.));
#2033=CARTESIAN_POINT('Origin',(34.0000005215406,5.00000007450581,49.));
#2034=CARTESIAN_POINT('',(34.0000005215406,-2.00000007450581,50.));
#2035=CARTESIAN_POINT('',(35.0000005215406,-2.00000007450581,49.));
#2036=CARTESIAN_POINT('Origin',(34.0000005215406,-2.00000007450581,49.));
#2037=CARTESIAN_POINT('',(35.0000005215406,5.00000007450581,49.));
#2038=CARTESIAN_POINT('',(34.0000005215406,5.00000007450581,50.));
#2039=CARTESIAN_POINT('Origin',(32.0000005215406,-2.00000007450581,49.));
#2040=CARTESIAN_POINT('',(32.0000005215406,-4.00000007450581,50.));
#2041=CARTESIAN_POINT('',(32.0000005215406,-5.00000007450581,49.));
#2042=CARTESIAN_POINT('Origin',(32.0000005215406,-4.00000007450581,49.));
#2043=CARTESIAN_POINT('Origin',(32.0000005215406,-2.00000007450581,49.));
#2044=CARTESIAN_POINT('Origin',(32.0000005215406,-2.00000007450581,50.));
#2045=CARTESIAN_POINT('Origin',(5.00000007450581,-4.00000007450581,49.));
#2046=CARTESIAN_POINT('',(-2.00000007450581,-4.00000007450581,50.));
#2047=CARTESIAN_POINT('',(-2.00000007450581,-5.00000007450581,49.));
#2048=CARTESIAN_POINT('Origin',(-2.00000007450581,-4.00000007450581,49.));
#2049=CARTESIAN_POINT('',(5.00000007450581,-5.00000007450581,49.));
#2050=CARTESIAN_POINT('',(5.00000007450581,-4.00000007450581,50.));
#2051=CARTESIAN_POINT('Origin',(-2.00000007450581,-2.00000007450581,49.));
#2052=CARTESIAN_POINT('',(-4.00000007450581,-2.00000007450581,50.));
#2053=CARTESIAN_POINT('',(-5.00000007450581,-2.00000007450581,49.));
#2054=CARTESIAN_POINT('Origin',(-4.00000007450581,-2.00000007450581,49.));
#2055=CARTESIAN_POINT('Origin',(-2.00000007450581,-2.00000007450581,49.));
#2056=CARTESIAN_POINT('Origin',(-2.00000007450581,-2.00000007450581,50.));
#2057=CARTESIAN_POINT('Origin',(-4.00000007450581,25.000000372529,49.));
#2058=CARTESIAN_POINT('',(-4.00000007450581,25.000000372529,50.));
#2059=CARTESIAN_POINT('',(-5.00000007450581,25.000000372529,49.));
#2060=CARTESIAN_POINT('Origin',(-5.00000007450581,-5.00000007450581,0.));
#2061=CARTESIAN_POINT('',(-2.00000007450581,-5.00000007450581,13.));
#2062=CARTESIAN_POINT('',(-2.00000007450581,-5.00000007450581,0.));
#2063=CARTESIAN_POINT('',(32.0000005215406,-5.00000007450581,13.));
#2064=CARTESIAN_POINT('',(5.00000007450581,-5.00000007450581,13.));
#2065=CARTESIAN_POINT('',(32.0000005215406,-5.00000007450581,0.));
#2066=CARTESIAN_POINT('Origin',(-2.00000007450581,-2.00000007450581,0.));
#2067=CARTESIAN_POINT('',(-5.00000007450581,-2.00000007450581,0.));
#2068=CARTESIAN_POINT('',(-5.00000007450581,-2.00000007450581,0.));
#2069=CARTESIAN_POINT('',(-4.12132041806545,-4.12132041806545,0.));
#2070=CARTESIAN_POINT('Origin',(-2.00000007450581,-2.00000007450581,0.));
#2071=CARTESIAN_POINT('',(-4.12132041806545,-4.12132041806545,13.));
#2072=CARTESIAN_POINT('',(-4.12132041806545,-4.12132041806545,0.));
#2073=CARTESIAN_POINT('Origin',(-2.00000007450581,-2.00000007450581,13.));
#2074=CARTESIAN_POINT('Origin',(-5.00000007450581,35.0000005215406,0.));
#2075=CARTESIAN_POINT('',(-5.00000007450581,32.0000005215406,0.));
#2076=CARTESIAN_POINT('',(-5.00000007450581,32.0000005215406,0.));
#2077=CARTESIAN_POINT('',(-5.00000007450581,-5.00000007450581,0.));
#2078=CARTESIAN_POINT('',(-5.00000007450581,12.0000002235174,25.000000372529));
#2079=CARTESIAN_POINT('Origin',(-5.00000007450581,15.0000002235174,25.000000372529));
#2080=CARTESIAN_POINT('Origin',(-2.00000007450581,32.0000005215406,0.));
#2081=CARTESIAN_POINT('',(-2.00000007450581,35.0000005215406,0.));
#2082=CARTESIAN_POINT('',(-2.00000007450581,35.0000005215406,0.));
#2083=CARTESIAN_POINT('Origin',(-2.00000007450581,32.0000005215406,0.));
#2084=CARTESIAN_POINT('Origin',(15.0000002235174,15.0000002235174,50.));
#2085=CARTESIAN_POINT('',(0.,0.,50.));
#2086=CARTESIAN_POINT('',(0.,30.,50.));
#2087=CARTESIAN_POINT('',(0.,30.,50.));
#2088=CARTESIAN_POINT('',(30.,30.,50.));
#2089=CARTESIAN_POINT('',(30.,30.,50.));
#2090=CARTESIAN_POINT('',(30.,0.,50.));
#2091=CARTESIAN_POINT('',(30.,0.,50.));
#2092=CARTESIAN_POINT('',(0.,0.,50.));
#2093=CARTESIAN_POINT('Origin',(-2.00000007450581,-2.00000007450581,13.));
#2094=CARTESIAN_POINT('Origin',(-2.00000007450581,-8.00000007450581,13.));
#2095=CARTESIAN_POINT('Origin',(-6.24264076162509,-6.24264076162509,13.));
#2096=CARTESIAN_POINT('Origin',(5.00000007450581,-8.00000007450581,13.));
#2097=CARTESIAN_POINT('Origin',(32.0000005215406,-8.00000007450581,13.));
#2098=CARTESIAN_POINT('Origin',(32.0000005215406,-2.00000007450581,13.));
#2099=CARTESIAN_POINT('',(34.1213208651003,-4.12132041806545,13.));
#2100=CARTESIAN_POINT('Origin',(36.2426412086599,-6.24264076162509,13.));
#2101=CARTESIAN_POINT('Origin',(32.0000005215406,-2.00000007450581,13.));
#2102=CARTESIAN_POINT('Origin',(37.0000005960465,-11.2426408361309,0.));
#2103=CARTESIAN_POINT('',(40.0000005960464,-11.2426408361309,0.));
#2104=CARTESIAN_POINT('',(40.0000005960464,-11.2426408361309,0.));
#2105=CARTESIAN_POINT('',(39.1213209396061,-9.12132049257126,0.));
#2106=CARTESIAN_POINT('Origin',(37.0000005960465,-11.2426408361309,0.));
#2107=CARTESIAN_POINT('',(39.1213209396061,-9.12132049257126,0.));
#2108=CARTESIAN_POINT('Origin',(40.0000005960465,-52.1005053498801,0.));
#2109=CARTESIAN_POINT('',(40.0000005960465,-52.1005053498801,0.));
#2110=CARTESIAN_POINT('',(40.0000005960465,-52.1005053498801,0.));
#2111=CARTESIAN_POINT('',(40.0000005960464,-10.0000001490116,0.));
#2112=CARTESIAN_POINT('Origin',(-7.00000014901161,-11.2426408361309,0.));
#2113=CARTESIAN_POINT('',(-9.12132049257125,-9.12132049257125,0.));
#2114=CARTESIAN_POINT('',(-9.12132049257125,-9.12132049257125,0.));
#2115=CARTESIAN_POINT('',(-10.0000001490116,-11.2426408361309,0.));
#2116=CARTESIAN_POINT('Origin',(-7.00000014901161,-11.2426408361309,0.));
#2117=CARTESIAN_POINT('',(-10.0000001490116,-11.2426408361309,0.));
#2118=CARTESIAN_POINT('Origin',(-10.0000001490116,-10.0000001490116,0.));
#2119=CARTESIAN_POINT('',(-10.0000001490116,-52.1005053498801,0.));
#2120=CARTESIAN_POINT('',(-10.0000001490116,-10.0000001490116,0.));
#2121=CARTESIAN_POINT('',(-10.0000001490116,-52.1005053498801,0.));
#2122=CARTESIAN_POINT('Origin',(35.0000005215406,35.0000005215406,0.));
#2123=CARTESIAN_POINT('',(32.0000005215406,35.0000005215406,0.));
#2124=CARTESIAN_POINT('',(32.0000005215406,35.0000005215406,0.));
#2125=CARTESIAN_POINT('',(-5.00000007450581,35.0000005215406,0.));
#2126=CARTESIAN_POINT('',(18.0000002235174,35.0000005215406,25.000000372529));
#2127=CARTESIAN_POINT('Origin',(15.0000002235174,35.0000005215406,25.000000372529));
#2128=CARTESIAN_POINT('Origin',(32.0000005215406,32.0000005215406,0.));
#2129=CARTESIAN_POINT('',(35.0000005215406,32.0000005215406,0.));
#2130=CARTESIAN_POINT('',(35.0000005215406,32.0000005215406,0.));
#2131=CARTESIAN_POINT('Origin',(32.0000005215406,32.0000005215406,0.));
#2132=CARTESIAN_POINT('Origin',(35.0000005215406,-5.00000007450581,0.));
#2133=CARTESIAN_POINT('',(35.0000005215406,-2.00000007450581,0.));
#2134=CARTESIAN_POINT('',(35.0000005215406,-2.00000007450581,0.));
#2135=CARTESIAN_POINT('',(35.0000005215406,35.0000005215406,0.));
#2136=CARTESIAN_POINT('',(35.0000005215406,12.0000002235174,25.000000372529));
#2137=CARTESIAN_POINT('Origin',(35.0000005215406,15.0000002235174,25.000000372529));
#2138=CARTESIAN_POINT('Origin',(32.0000005215406,-2.00000007450581,0.));
#2139=CARTESIAN_POINT('',(34.1213208651003,-4.12132041806545,0.));
#2140=CARTESIAN_POINT('',(34.1213208651003,-4.12132041806545,0.));
#2141=CARTESIAN_POINT('Origin',(32.0000005215406,-2.00000007450581,0.));
#2142=CARTESIAN_POINT('Origin',(15.0000002235174,35.0000005215406,25.000000372529));
#2143=CARTESIAN_POINT('',(18.0000002235174,30.,25.000000372529));
#2144=CARTESIAN_POINT('',(18.0000002235174,35.0000005215406,25.000000372529));
#2145=CARTESIAN_POINT('Origin',(15.0000002235174,30.,25.000000372529));
#2146=CARTESIAN_POINT('Origin',(35.0000005215406,15.0000002235174,25.000000372529));
#2147=CARTESIAN_POINT('',(0.,12.0000002235174,25.000000372529));
#2148=CARTESIAN_POINT('Origin',(0.,15.0000002235174,25.000000372529));
#2149=CARTESIAN_POINT('',(35.0000005215406,12.0000002235174,25.000000372529));
#2150=CARTESIAN_POINT('Origin',(35.0000005215406,15.0000002235174,25.000000372529));
#2151=CARTESIAN_POINT('',(30.,12.0000002235174,25.000000372529));
#2152=CARTESIAN_POINT('',(35.0000005215406,12.0000002235174,25.000000372529));
#2153=CARTESIAN_POINT('Origin',(30.,15.0000002235174,25.000000372529));
#2154=CARTESIAN_POINT('Origin',(35.0000005215406,-70.0000010430813,0.));
#2155=CARTESIAN_POINT('',(32.2500005215406,-70.0000010430813,0.));
#2156=CARTESIAN_POINT('Origin',(35.0000005215406,-70.0000010430813,0.));
#2157=CARTESIAN_POINT('',(32.2500005215406,-70.0000010430813,0.));
#2158=CARTESIAN_POINT('Origin',(-5.00000007450581,-70.0000010430813,0.));
#2159=CARTESIAN_POINT('',(-7.75000007450581,-70.0000010430813,0.));
#2160=CARTESIAN_POINT('Origin',(-5.00000007450581,-70.0000010430813,0.));
#2161=CARTESIAN_POINT('',(-7.75000007450581,-70.0000010430813,0.));
#2162=CARTESIAN_POINT('Origin',(14.9999998509884,-30.5000002235174,0.));
#2163=CARTESIAN_POINT('',(2.49999985098839,-30.5000002235174,0.));
#2164=CARTESIAN_POINT('Origin',(-5.00000007450581,-5.00000007450581,0.));
#2165=CARTESIAN_POINT('',(5.00000007450581,5.00000007450581,0.));
#2166=CARTESIAN_POINT('Origin',(40.0000005960464,-10.0000001490116,0.));
#2167=CARTESIAN_POINT('',(35.0000005215406,-5.00000007450581,0.));
#2168=CARTESIAN_POINT('Origin',(47.0000005960465,-52.1005053498801,0.));
#2169=CARTESIAN_POINT('',(42.0502529617874,-57.0502526522327,0.));
#2170=CARTESIAN_POINT('Origin',(47.0000005960465,-52.1005053498801,0.));
#2171=CARTESIAN_POINT('',(42.0502529617874,-57.0502526522327,0.));
#2172=CARTESIAN_POINT('Origin',(47.9497483793171,-62.9497484653544,0.));
#2173=CARTESIAN_POINT('',(47.9497483793171,-62.9497484653544,0.));
#2174=CARTESIAN_POINT('',(42.0502529617874,-57.0502526522327,0.));
#2175=CARTESIAN_POINT('',(47.9497483793171,-62.9497484653544,0.));
#2176=CARTESIAN_POINT('Origin',(43.000000745058,-67.8994957677071,0.));
#2177=CARTESIAN_POINT('',(50.0000007450581,-67.899495767707,0.));
#2178=CARTESIAN_POINT('Origin',(43.000000745058,-67.8994957677071,0.));
#2179=CARTESIAN_POINT('',(50.0000007450581,-67.899495767707,0.));
#2180=CARTESIAN_POINT('Origin',(50.0000007450581,-112.100506777022,0.));
#2181=CARTESIAN_POINT('',(50.0000007450581,-112.100506777022,0.));
#2182=CARTESIAN_POINT('',(50.0000007450581,-85.0000012665987,0.));
#2183=CARTESIAN_POINT('',(50.0000007450581,-112.100506777022,0.));
#2184=CARTESIAN_POINT('Origin',(43.000000745058,-112.100506777022,0.));
#2185=CARTESIAN_POINT('',(47.9497482133639,-117.050254245328,0.));
#2186=CARTESIAN_POINT('Origin',(43.000000745058,-112.100506777022,0.));
#2187=CARTESIAN_POINT('',(47.9497482133639,-117.050254245328,0.));
#2188=CARTESIAN_POINT('Origin',(30.4999998509884,-134.500002607703,0.));
#2189=CARTESIAN_POINT('',(30.4999998509884,-134.500002607703,0.));
#2190=CARTESIAN_POINT('',(47.9497482133639,-117.050254245328,0.));
#2191=CARTESIAN_POINT('',(30.4999998509884,-134.500002607703,0.));
#2192=CARTESIAN_POINT('Ctrl Pts',(-0.500000149011611,-134.500001862645,
0.));
#2193=CARTESIAN_POINT('Ctrl Pts',(-0.500000149011611,-134.500001862645,
10.));
#2194=CARTESIAN_POINT('Ctrl Pts',(0.119999863300632,-134.917163714924,0.));
#2195=CARTESIAN_POINT('Ctrl Pts',(0.119999863300632,-134.917163714924,10.));
#2196=CARTESIAN_POINT('Ctrl Pts',(1.35999988685145,-135.715056875245,0.));
#2197=CARTESIAN_POINT('Ctrl Pts',(1.35999988685145,-135.715056875245,10.));
#2198=CARTESIAN_POINT('Ctrl Pts',(3.2199999189569,-136.802608332382,0.));
#2199=CARTESIAN_POINT('Ctrl Pts',(3.2199999189569,-136.802608332382,10.));
#2200=CARTESIAN_POINT('Ctrl Pts',(5.69999995521432,-138.030475423289,0.));
#2201=CARTESIAN_POINT('Ctrl Pts',(5.69999995521432,-138.030475423289,10.));
#2202=CARTESIAN_POINT('Ctrl Pts',(8.79999998887241,-139.169839590301,0.));
#2203=CARTESIAN_POINT('Ctrl Pts',(8.79999998887241,-139.169839590301,10.));
#2204=CARTESIAN_POINT('Ctrl Pts',(11.9000000098173,-139.878391309594,0.));
#2205=CARTESIAN_POINT('Ctrl Pts',(11.9000000098173,-139.878391309594,10.));
#2206=CARTESIAN_POINT('Ctrl Pts',(15.0000000170044,-140.12097300757,0.));
#2207=CARTESIAN_POINT('Ctrl Pts',(15.0000000170044,-140.12097300757,10.));
#2208=CARTESIAN_POINT('Ctrl Pts',(18.1000000098611,-139.87839147266,0.));
#2209=CARTESIAN_POINT('Ctrl Pts',(18.1000000098611,-139.87839147266,10.));
#2210=CARTESIAN_POINT('Ctrl Pts',(21.1999999889492,-139.16983991096,0.));
#2211=CARTESIAN_POINT('Ctrl Pts',(21.1999999889492,-139.16983991096,10.));
#2212=CARTESIAN_POINT('Ctrl Pts',(24.2999999553024,-138.030475894209,0.));
#2213=CARTESIAN_POINT('Ctrl Pts',(24.2999999553024,-138.030475894209,10.));
#2214=CARTESIAN_POINT('Ctrl Pts',(26.7799999190293,-136.802608916967,0.));
#2215=CARTESIAN_POINT('Ctrl Pts',(26.7799999190293,-136.802608916967,10.));
#2216=CARTESIAN_POINT('Ctrl Pts',(28.6399998868948,-135.715057541459,0.));
#2217=CARTESIAN_POINT('Ctrl Pts',(28.6399998868948,-135.715057541459,10.));
#2218=CARTESIAN_POINT('Ctrl Pts',(29.8799998633164,-134.917164433965,0.));
#2219=CARTESIAN_POINT('Ctrl Pts',(29.8799998633164,-134.917164433965,10.));
#2220=CARTESIAN_POINT('Ctrl Pts',(30.4999998509884,-134.500002607703,0.));
#2221=CARTESIAN_POINT('Ctrl Pts',(30.4999998509884,-134.500002607703,10.));
#2222=CARTESIAN_POINT('',(-0.500000149011611,-134.500001862645,0.));
#2223=CARTESIAN_POINT('Ctrl Pts',(-0.500000149011611,-134.500001862645,
0.));
#2224=CARTESIAN_POINT('Ctrl Pts',(0.119999863300632,-134.917163714924,0.));
#2225=CARTESIAN_POINT('Ctrl Pts',(1.35999988685145,-135.715056875245,0.));
#2226=CARTESIAN_POINT('Ctrl Pts',(3.2199999189569,-136.802608332382,0.));
#2227=CARTESIAN_POINT('Ctrl Pts',(5.69999995521432,-138.030475423289,0.));
#2228=CARTESIAN_POINT('Ctrl Pts',(8.79999998887241,-139.169839590301,0.));
#2229=CARTESIAN_POINT('Ctrl Pts',(11.9000000098173,-139.878391309594,0.));
#2230=CARTESIAN_POINT('Ctrl Pts',(15.0000000170044,-140.12097300757,0.));
#2231=CARTESIAN_POINT('Ctrl Pts',(18.1000000098611,-139.87839147266,0.));
#2232=CARTESIAN_POINT('Ctrl Pts',(21.1999999889492,-139.16983991096,0.));
#2233=CARTESIAN_POINT('Ctrl Pts',(24.2999999553024,-138.030475894209,0.));
#2234=CARTESIAN_POINT('Ctrl Pts',(26.7799999190293,-136.802608916967,0.));
#2235=CARTESIAN_POINT('Ctrl Pts',(28.6399998868948,-135.715057541459,0.));
#2236=CARTESIAN_POINT('Ctrl Pts',(29.8799998633164,-134.917164433965,0.));
#2237=CARTESIAN_POINT('Ctrl Pts',(30.4999998509884,-134.500002607703,0.));
#2238=CARTESIAN_POINT('',(-0.500000149011611,-134.500001862645,0.));
#2239=CARTESIAN_POINT('Origin',(-17.9497477663291,-117.050254245328,0.));
#2240=CARTESIAN_POINT('',(-17.9497477663291,-117.050254245328,0.));
#2241=CARTESIAN_POINT('',(-17.9497477663291,-117.050254245328,0.));
#2242=CARTESIAN_POINT('',(-17.9497477663291,-117.050254245328,0.));
#2243=CARTESIAN_POINT('Origin',(-13.0000002980232,-112.100506777022,0.));
#2244=CARTESIAN_POINT('',(-20.0000002980232,-112.100506777022,0.));
#2245=CARTESIAN_POINT('Origin',(-13.0000002980232,-112.100506777022,0.));
#2246=CARTESIAN_POINT('',(-20.0000002980232,-112.100506777022,0.));
#2247=CARTESIAN_POINT('Origin',(-20.0000002980232,-67.899495767707,0.));
#2248=CARTESIAN_POINT('',(-20.0000002980232,-67.899495767707,0.));
#2249=CARTESIAN_POINT('',(-20.0000002980232,-67.899495767707,0.));
#2250=CARTESIAN_POINT('',(-20.0000002980232,-67.899495767707,0.));
#2251=CARTESIAN_POINT('Origin',(-13.0000002980232,-67.899495767707,0.));
#2252=CARTESIAN_POINT('',(-17.9497479322822,-62.9497484653544,0.));
#2253=CARTESIAN_POINT('Origin',(-13.0000002980232,-67.899495767707,0.));
#2254=CARTESIAN_POINT('',(-17.9497479322822,-62.9497484653544,0.));
#2255=CARTESIAN_POINT('Origin',(-12.0502525147526,-57.0502526522327,0.));
#2256=CARTESIAN_POINT('',(-12.0502525147526,-57.0502526522327,0.));
#2257=CARTESIAN_POINT('',(-12.0502525147526,-57.0502526522327,0.));
#2258=CARTESIAN_POINT('',(-12.0502525147526,-57.0502526522327,0.));
#2259=CARTESIAN_POINT('Origin',(-17.0000001490116,-52.1005053498801,0.));
#2260=CARTESIAN_POINT('Origin',(-17.0000001490116,-52.1005053498801,0.));
#2261=CARTESIAN_POINT('Origin',(30.,0.,0.));
#2262=CARTESIAN_POINT('',(30.,0.,0.));
#2263=CARTESIAN_POINT('',(0.,0.,0.));
#2264=CARTESIAN_POINT('',(0.,0.,0.));
#2265=CARTESIAN_POINT('',(0.,0.,0.));
#2266=CARTESIAN_POINT('',(30.,0.,0.));
#2267=CARTESIAN_POINT('Origin',(30.,30.,0.));
#2268=CARTESIAN_POINT('',(30.,30.,0.));
#2269=CARTESIAN_POINT('',(30.,0.,0.));
#2270=CARTESIAN_POINT('',(30.,30.,0.));
#2271=CARTESIAN_POINT('Origin',(0.,30.,0.));
#2272=CARTESIAN_POINT('',(0.,30.,0.));
#2273=CARTESIAN_POINT('',(30.,30.,0.));
#2274=CARTESIAN_POINT('',(0.,30.,0.));
#2275=CARTESIAN_POINT('Origin',(0.,0.,0.));
#2276=CARTESIAN_POINT('',(0.,30.,0.));
#2277=CARTESIAN_POINT('Origin',(15.0000002235174,15.0000002235174,0.));
#2278=UNCERTAINTY_MEASURE_WITH_UNIT(LENGTH_MEASURE(0.01),#2282,
'DISTANCE_ACCURACY_VALUE',
'Maximum model space distance between geometric entities at asserted c
onnectivities');
#2279=UNCERTAINTY_MEASURE_WITH_UNIT(LENGTH_MEASURE(0.01),#2282,
'DISTANCE_ACCURACY_VALUE',
'Maximum model space distance between geometric entities at asserted c
onnectivities');
#2280=(
GEOMETRIC_REPRESENTATION_CONTEXT(3)
GLOBAL_UNCERTAINTY_ASSIGNED_CONTEXT((#2278))
GLOBAL_UNIT_ASSIGNED_CONTEXT((#2282,#2284,#2285))
REPRESENTATION_CONTEXT('','3D')
);
#2281=(
GEOMETRIC_REPRESENTATION_CONTEXT(3)
GLOBAL_UNCERTAINTY_ASSIGNED_CONTEXT((#2279))
GLOBAL_UNIT_ASSIGNED_CONTEXT((#2282,#2284,#2285))
REPRESENTATION_CONTEXT('','3D')
);
#2282=(
LENGTH_UNIT()
NAMED_UNIT(*)
SI_UNIT(.MILLI.,.METRE.)
);
#2283=(
LENGTH_UNIT()
NAMED_UNIT(*)
SI_UNIT($,.METRE.)
);
#2284=(
NAMED_UNIT(*)
PLANE_ANGLE_UNIT()
SI_UNIT($,.RADIAN.)
);
#2285=(
NAMED_UNIT(*)
SI_UNIT($,.STERADIAN.)
SOLID_ANGLE_UNIT()
);
#2286=SHAPE_DEFINITION_REPRESENTATION(#2287,#2288);
#2287=PRODUCT_DEFINITION_SHAPE('',$,#2290);
#2288=SHAPE_REPRESENTATION('',(#1320),#2280);
#2289=PRODUCT_DEFINITION_CONTEXT('part definition',#2294,'design');
#2290=PRODUCT_DEFINITION('X Axes','X Axes v6',#2291,#2289);
#2291=PRODUCT_DEFINITION_FORMATION('',$,#2296);
#2292=PRODUCT_RELATED_PRODUCT_CATEGORY('X Axes v6','X Axes v6',(#2296));
#2293=APPLICATION_PROTOCOL_DEFINITION('international standard',
'automotive_design',2009,#2294);
#2294=APPLICATION_CONTEXT(
'Core Data for Automotive Mechanical Design Process');
#2295=PRODUCT_CONTEXT('part definition',#2294,'mechanical');
#2296=PRODUCT('X Axes','X Axes v6',$,(#2295));
#2297=PRESENTATION_STYLE_ASSIGNMENT((#2298));
#2298=SURFACE_STYLE_USAGE(.BOTH.,#2299);
#2299=SURFACE_SIDE_STYLE('',(#2300));
#2300=SURFACE_STYLE_FILL_AREA(#2301);
#2301=FILL_AREA_STYLE('Stahl - satiniert',(#2302));
#2302=FILL_AREA_STYLE_COLOUR('Stahl - satiniert',#2303);
#2303=COLOUR_RGB('Stahl - satiniert',0.627450980392157,0.627450980392157,
0.627450980392157);
ENDSEC;
END-ISO-10303-21;
